ID,number,author1,year,jourl,study,country,continent,longitude,latitude,climate.zone,MAT (℃),MAP (mm),BD (g/cm3),soil.texture,sand (%),silt(%),clay (%),soil.fertility,SOC (g/kg),TN,PH,pH,cover.crop.type,maincrop.type,cropland.type,tillage,fertilization .type,N.fertilization,fertilization.N,residue.management,soil layer,soil.particle.diameter,cc.duration,experimental.duration (yr),sampling.month,Yield.ck,Yield.csd,Yield.cn,Yield.t,Yield.tsd,Yield.tn,PH.ck,PH.csd,PH.cn,PH.t,PH.tsd,PH.tn,Soil moisture.ck,Soil moisture.csd,Soil moisture.cn,Soil moisture.t,Soil moisture.tsd,Soil moisture.tn,SOM.ck,SOM.csd,SOM.cn,SOM.t,SOM.tsd,SOM.tn,nitrate-N.ck,nitrate-N.csd,nitrate-N.cn,nitrate-N.t,nitrate-N.tsd,nitrate-N.tn,Ammonium-N.ck,Ammonium-N.csd,Ammonium-N.cn,Ammonium-N.t,Ammonium-N.tsd,Ammonium-N.tn,TN.ck,TN.csd,TN.cn,TN.t,TN.tsd,TN.tn,nifH.ck,nifH.csd,nifH.cn,nifH.t,nifH.tsd,nifH.tn,nirS.ck,nirS.csd,nirS.cn,nirS.t,nirS.tsd,nirS.tn,nirK.ck,nirK.csd,nirK.cn,nirK.t,nirK.tsd,nirK.tn,nosZ.ck,nosZ.csd,nosZ.cn,nosZ.t,nosZ.tsd,nosZ.tn,AOA.ck,AOA.csd,AOA.cn,AOA.t,AOA.tsd,AOA.tn,AOB.ck,AOB.csd,AOB.cn,AOB.t,AOB.tsd,AOB.tn,16S.ck,16S.csd,16S.cn,16S.t,16S.tsd,16S.tn,ID,study,rrYield,varYield,rrPH,varPH,rrSoil.moisture,varSoil.moisture,rrSOM,varSOM,rrAmmonium.N,varAmmonium.N,rrnitrate.N,varnitrate.N,rrTN,varTN,rrnifH,varnifH,rrnirK,varnirK,rrnirS,varnirS,rrnarG,varnarG,rrnosZ,varnosZ,rrAOA,varAOA,rrAOB,varAOB
1,1,Gevan D. Behnke,2022,frontiers in agronomy,1,America,North America,-90.727,40.93,Cold,9.9,1204,1.43,Loam,40,43,17,High,17.07004,1.9087,Acid,6.2,Mixture,maize,Upland,Conservation,Inorganic,High,246,Incorporated,10,,<5yr,2,5,10960,809.3209259,3,8680,576.9180163,3,6.26912,0.21319,3,6.36162,0.2132,3,,,,,,,,,,,,,2.05181,0.10881,3,1.74093,0.10881,3,2.47602,0.661423674,3,2.45471,0.524221905,3,,,,,,,91.62920017,11.2795494,3,79.5018268,6.017190918,3,109.9174907,14.61265971,3,98.68174747,15.5495148,3,831.0167906,95.31311494,3,896.9319543,86.63255135,3,457.4319547,41.93093165,3,496.2278399,53.43612267,3,,,,,,,554.4296901,77.59240492,3,531.6311916,107.1212235,3,,,,,,,1,1,-0.233230753,0.003290145,0.014647068,0.000759862,,,,,-0.008643804,0.038988745,-0.164302877,0.002239565,,,-0.14197,0.006960666,0.07633,0.007494673,-0.10783,0.014167547,,,0.081407035,0.00666621,,,-0.04199,0.020062124
2,1,Gevan D. Behnke,2022,frontiers in agronomy,1,America,North America,-90.727,40.93,Cold,9.9,1204,1.43,Loam,40,43,17,High,17.07004,1.9087,Acid,6.2,Mixture,maize,Upland,Conservation,Inorganic,High,246,Incorporated,10,,<5yr,2,6,10960,809.3209259,3,8680,576.9180163,3,6.26912,0.21319,3,6.36162,0.2132,3,,,,,,,,,,,,,2.05181,0.10881,3,1.74093,0.10881,3,3.37123,0.900562731,3,3.15808,0.674431894,3,,,,,,,108.284281,13.32978891,3,163.0325705,12.33931523,3,39.98642414,5.315878347,3,30.54130409,4.812465042,3,718.8192965,82.4446714,3,641.0452197,61.91705251,3,445.8577701,40.8699731,3,371.5145168,40.00641178,3,,,,,,,494.2443349,69.16946774,3,459.2248686,92.53168469,3,,,,,,,2,1,-0.233230753,0.003290145,0.014647068,0.000759862,,,,,-0.065313415,0.038988745,-0.164302877,0.002239565,,,0.40919,0.006960666,-0.11451,0.007494673,-0.26946,0.014167547,,,-0.18241206,0.00666621,,,-0.07349,0.020062124
3,1,Gevan D. Behnke,2022,frontiers in agronomy,1,America,North America,-90.727,40.93,Cold,9.9,1204,1.43,Loam,40,43,17,High,17.07004,1.9087,Acid,6.2,Mixture,maize,Upland,Conservation,Inorganic,High,246,Incorporated,10,,<5yr,2,7,10960,809.3209259,3,8680,576.9180163,3,6.26912,0.21319,3,6.36162,0.2132,3,,,,,,,,,,,,,2.05181,0.10881,3,1.74093,0.10881,3,2.85968,0.76391146,3,2.78508,0.59477492,3,,,,,,,140.866129,17.34061258,3,103.8564856,7.860502419,3,124.7447937,16.58383219,3,20.52307781,3.23386959,3,833.1302563,95.55551797,3,607.6931092,58.69565048,3,501.4921427,45.96975035,3,409.762568,44.12513988,3,,,,,,,600.264265,84.00695119,3,380.1895712,76.60643822,3,,,,,,,3,1,-0.233230753,0.003290145,0.014647068,0.000759862,,,,,-0.026433132,0.038988745,-0.164302877,0.002239565,,,-0.3048,0.006960666,-0.31552,0.007494673,-1.80472,0.014167547,,,-0.20201005,0.00666621,,,-0.4567,0.020062124
4,1,Gevan D. Behnke,2022,frontiers in agronomy,1,America,North America,-90.727,40.93,Cold,9.9,1204,1.43,Loam,40,43,17,High,17.07004,1.9087,Acid,6.2,Mixture,maize,Upland,Conservation,Inorganic,High,246,Incorporated,10,,<5yr,2,9,10960,809.3209259,3,8680,576.9180163,3,6.26912,0.21319,3,6.36162,0.2132,3,,,,,,,,,,,,,2.05181,0.10881,3,1.74093,0.10881,3,0.493783,0.131905141,3,0.017762,0.00379321,3,,,,,,,110.1078126,13.55426555,3,105.1649427,7.959534557,3,52.21814292,6.941988468,3,52.22754303,8.229616663,3,716.9886424,82.2347053,3,691.8990061,66.82890032,3,422.3053553,38.71101879,3,425.5005887,45.81988319,3,,,,,,,396.9220842,55.54922406,3,313.4124328,63.15115403,3,,,,,,,4,1,-0.233230753,0.003290145,0.014647068,0.000759862,,,,,-3.325034806,0.038988748,-0.164302877,0.002239565,,,-0.04593,0.006960666,-0.03562,0.007494673,0.00018,0.014167547,,,0.007537688,0.00666621,,,-0.23622,0.020062124
5,1,Gevan D. Behnke,2022,frontiers in agronomy,1,America,North America,-90.727,40.93,Cold,9.9,1204,1.43,Loam,40,43,17,High,17.07004,1.9087,Acid,6.2,Mixture,maize,Upland,Conservation,Inorganic,High,246,Incorporated,10,,<5yr,2,10,10960,809.3209259,3,8680,576.9180163,3,6.26912,0.21319,3,6.36162,0.2132,3,,,,,,,,,,,,,2.05181,0.10881,3,1.74093,0.10881,3,0.301954,0.080661515,3,0.145648,0.031104233,3,,,,,,,96.74029337,11.90872469,3,121.2058088,9.173606712,3,70.62117297,9.388525538,3,100.2342554,15.79414711,3,672.8012725,77.16665384,3,691.8990061,66.82890032,3,401.8102248,36.83231331,3,443.8458808,47.7953896,3,,,,,,,378.8460795,53.01948819,3,372.9259968,75.1428616,3,,,,,,,5,1,-0.233230753,0.003290145,0.014647068,0.000759862,,,,,-0.729081936,0.038988744,-0.164302877,0.002239565,,,0.22546,0.006960666,0.02799,0.007494673,0.350180001,0.014167547,,,0.099497487,0.00666621,,,-0.01575,0.020062124
6,1,Gevan D. Behnke,2022,frontiers in agronomy,1,America,North America,-90.727,40.93,Cold,9.9,1204,1.43,Loam,40,43,17,High,17.07004,1.9087,Acid,6.2,Mixture,maize,Upland,Conventional,Inorganic,High,246,Incorporated,10,,<5yr,2,5,11380,840.335049,3,8860,588.881754,3,6.26912,0.21319,3,6.36162,0.2132,3,,,,,,,,,,,,,1.74093,0.10881,3,1.74093,0.10881,3,2.27353,0.607332156,3,2.36945,0.506013987,3,,,,,,,97.55145672,12.00857885,3,119.1984797,9.021679602,3,155.994383,20.73821754,3,146.8203896,23.13483374,3,831.0167906,95.31311494,3,896.9319543,86.63255135,3,457.4319547,41.93093165,3,496.2278399,53.43612267,3,,,,,,,554.4296901,77.59240492,3,531.6311916,107.1212235,3,,,,,,,6,1,-0.250310664,0.003290145,0.014647068,0.000759862,,,,,0.041324171,0.038988745,0,0.002604256,,,0.20041,0.006960666,0.07633,0.007494673,-0.06061,0.014167547,,,0.081407035,0.00666621,,,-0.04199,0.020062124
7,1,Gevan D. Behnke,2022,frontiers in agronomy,1,America,North America,-90.727,40.93,Cold,9.9,1204,1.43,Loam,40,43,17,High,17.07004,1.9087,Acid,6.2,Mixture,maize,Upland,Conventional,Inorganic,High,246,Incorporated,10,,<5yr,2,6,11380,840.335049,3,8860,588.881754,3,6.26912,0.21319,3,6.36162,0.2132,3,,,,,,,,,,,,,1.74093,0.10881,3,1.74093,0.10881,3,3.09414,0.826543181,3,3.31794,0.708571208,3,,,,,,,124.8009415,15.3629889,3,102.5632827,7.762624808,3,134.3663467,17.86294144,3,77.35304943,12.18870174,3,718.8192965,82.4446714,3,641.0452197,61.91705251,3,445.8577701,40.8699731,3,371.5145168,40.00641178,3,,,,,,,494.2443349,69.16946774,3,459.2248686,92.53168469,3,,,,,,,7,1,-0.250310664,0.003290145,0.014647068,0.000759862,,,,,0.069834108,0.038988745,0,0.002604256,,,-0.19624,0.006960666,-0.11451,0.007494673,-0.55219,0.014167547,,,-0.18241206,0.00666621,,,-0.07349,0.020062124
8,1,Gevan D. Behnke,2022,frontiers in agronomy,1,America,North America,-90.727,40.93,Cold,9.9,1204,1.43,Loam,40,43,17,High,17.07004,1.9087,Acid,6.2,Mixture,maize,Upland,Conventional,Inorganic,High,246,Incorporated,10,,<5yr,2,7,11380,840.335049,3,8860,588.881754,3,6.26912,0.21319,3,6.36162,0.2132,3,,,,,,,,,,,,,1.74093,0.10881,3,1.74093,0.10881,3,2.72114,0.726903021,3,2.91297,0.622086798,3,,,,,,,148.1032995,18.23150786,3,160.3309313,12.13483844,3,131.65041,17.50187917,3,105.4165875,16.61073936,3,833.1302563,95.55551797,3,607.6931092,58.69565048,3,501.4921427,45.96975035,3,409.762568,44.12513988,3,,,,,,,600.264265,84.00695119,3,380.1895712,76.60643822,3,,,,,,,8,1,-0.250310664,0.003290145,0.014647068,0.000759862,,,,,0.068122269,0.038988745,0,0.002604256,,,0.07933,0.006960666,-0.31552,0.007494673,-0.22223,0.014167547,,,-0.20201005,0.00666621,,,-0.4567,0.020062124
9,1,Gevan D. Behnke,2022,frontiers in agronomy,1,America,North America,-90.727,40.93,Cold,9.9,1204,1.43,Loam,40,43,17,High,17.07004,1.9087,Acid,6.2,Mixture,maize,Upland,Conventional,Inorganic,High,246,Incorporated,10,,<5yr,2,9,11380,840.335049,3,8860,588.881754,3,6.26912,0.21319,3,6.36162,0.2132,3,,,,,,,,,,,,,1.74093,0.10881,3,1.74093,0.10881,3,0.0035524,0.000948959,3,1.1119,0.237454663,3,,,,,,,110.1078126,13.55426555,3,112.90085,8.545035965,3,99.68248654,13.25199698,3,44.42933724,7.000835056,3,716.9886424,82.2347053,3,691.8990061,66.82890032,3,422.3053553,38.71101879,3,425.5005887,45.81988319,3,,,,,,,396.9220842,55.54922406,3,313.4124328,63.15115403,3,,,,,,,9,1,-0.250310664,0.003290145,0.014647068,0.000759862,,,,,5.746202111,0.038988745,0,0.002604256,,,0.02505,0.006960666,-0.03562,0.007494673,-0.80809,0.014167547,,,0.007537688,0.00666621,,,-0.23622,0.020062124
10,1,Gevan D. Behnke,2022,frontiers in agronomy,1,America,North America,-90.727,40.93,Cold,9.9,1204,1.43,Loam,40,43,17,High,17.07004,1.9087,Acid,6.2,Mixture,maize,Upland,Conventional,Inorganic,High,246,Incorporated,10,,<5yr,2,10,11380,840.335049,3,8860,588.881754,3,6.26912,0.21319,3,6.36162,0.2132,3,,,,,,,,,,,,,1.74093,0.10881,3,1.74093,0.10881,3,1.43517,0.383379542,3,1.07993,0.230627228,3,,,,,,,97.95909563,12.05875917,3,126.3745353,9.564807961,3,85.27659224,11.33684744,3,62.13876318,9.791350908,3,672.8012725,77.16665384,3,691.8990061,66.82890032,3,401.8102248,36.83231331,3,443.8458808,47.7953896,3,,,,,,,378.8460795,53.01948819,3,372.9259968,75.1428616,3,,,,,,,10,1,-0.250310664,0.003290145,0.014647068,0.000759862,,,,,-0.284387085,0.038988745,0,0.002604256,,,0.2547,0.006960666,0.02799,0.007494673,-0.31653,0.014167547,,,0.099497487,0.00666621,,,-0.01575,0.020062124
11,1,Gevan D. Behnke,2022,frontiers in agronomy,1,America,North America,-90.727,40.93,Cold,9.9,1204,1.43,Loam,40,43,17,High,17.07004,1.9087,Acid,6.2,Mixture,others,Upland,Conservation,Inorganic,High,246,Incorporated,10,,<5yr,2,5,3750,276.9118132,3,3040,202.0542361,3,7.12572,0.21319,3,7.02025,0.21323,3,,,,,,,,,,,,,2.05181,0.10881,3,1.74093,0.10881,3,2.45471,0.655731096,3,2.40142,0.512841422,3,,,,,,,93.56159599,11.51742722,3,99.19424515,7.50763517,3,47.36625238,6.296968054,3,56.05032792,8.83198186,3,764.0857339,87.63648605,3,787.7730179,76.089146,3,531.8608577,48.75352726,3,544.0248766,58.58312998,3,,,,,,,347.491429,48.63140656,3,366.2257696,73.79279684,3,,,,,,,11,1,-0.209898325,0.003290145,-0.014911944,0.000605888,,,,,-0.021948399,0.038988745,-0.164302877,0.002239565,,,0.05846,0.006960666,0.03053,0.007494673,0.16834,0.014167547,,,0.022613065,0.00666621,,,0.05251,0.020062124
12,1,Gevan D. Behnke,2022,frontiers in agronomy,1,America,North America,-90.727,40.93,Cold,9.9,1204,1.43,Loam,40,43,17,High,17.07004,1.9087,Acid,6.2,Mixture,others,Upland,Conservation,Inorganic,High,246,Incorporated,10,,<5yr,2,6,3750,276.9118132,3,3040,202.0542361,3,7.12572,0.21319,3,7.02025,0.21323,3,,,,,,,,,,,,,2.05181,0.10881,3,1.74093,0.10881,3,3.1048,0.829390806,3,3.16874,0.676708418,3,,,,,,,103.4232715,12.73139892,3,96.33676291,7.291363207,3,59.08635394,7.855062719,3,51.99564682,8.193076232,3,601.5381752,68.9931634,3,544.7080701,52.61207344,3,424.8596138,38.9451573,3,388.7024226,41.85728544,3,,,,,,,253.7526567,35.51267048,3,178.51096,35.96913189,3,,,,,,,12,1,-0.209898325,0.003290145,-0.014911944,0.000605888,,,,,0.020384731,0.038988745,-0.164302877,0.002239565,,,-0.07098,0.006960666,-0.09924,0.007494673,-0.12784,0.014167547,,,-0.088944723,0.00666621,,,-0.35171,0.020062124
13,1,Gevan D. Behnke,2022,frontiers in agronomy,1,America,North America,-90.727,40.93,Cold,9.9,1204,1.43,Loam,40,43,17,High,17.07004,1.9087,Acid,6.2,Mixture,others,Upland,Conservation,Inorganic,High,246,Incorporated,10,,<5yr,2,7,3750,276.9118132,3,3040,202.0542361,3,7.12572,0.21319,3,7.02025,0.21323,3,,,,,,,,,,,,,2.05181,0.10881,3,1.74093,0.10881,3,2.49734,0.667118924,3,2.66785,0.569739566,3,,,,,,,89.3615053,11.00039629,3,140.866129,10.66162158,3,24.28599872,3.228631154,3,54.48906286,8.585969656,3,587.9194801,67.43117301,3,707.9263055,68.37693954,3,428.7199978,39.29902304,3,526.2777661,56.67203854,3,,,,,,,240.8031994,33.70039464,3,308.1849223,62.09783487,3,,,,,,,13,1,-0.209898325,0.003290145,-0.014911944,0.000605888,,,,,0.066046739,0.038988745,-0.164302877,0.002239565,,,0.45512,0.006960666,0.18575,0.007494673,0.8081,0.014167547,,,0.205025126,0.00666621,,,0.24672,0.020062124
14,1,Gevan D. Behnke,2022,frontiers in agronomy,1,America,North America,-90.727,40.93,Cold,9.9,1204,1.43,Loam,40,43,17,High,17.07004,1.9087,Acid,6.2,Mixture,others,Upland,Conservation,Inorganic,High,246,Incorporated,10,,<5yr,2,9,3750,276.9118132,3,3040,202.0542361,3,7.12572,0.21319,3,7.02025,0.21323,3,,,,,,,,,,,,,2.05181,0.10881,3,1.74093,0.10881,3,0.131439,0.035111536,3,0.461812,0.098623449,3,,,,,,,101.7104448,12.52055005,3,97.55145672,7.383298762,3,42.09883213,5.596706257,3,24.56468887,3.87071574,3,672.8012725,77.16665384,3,639.419031,61.75998276,3,444.5154998,40.74693263,3,451.2675052,48.59458464,3,,,,,,,326.8528272,45.74303537,3,255.3920971,51.46032503,3,,,,,,,14,1,-0.209898325,0.003290145,-0.014911944,0.000605888,,,,,1.256615016,0.038988744,-0.164302877,0.002239565,,,-0.04175,0.006960666,-0.05089,0.007494673,-0.53871,0.014167547,,,0.015075377,0.00666621,,,-0.24671,0.020062124
15,1,Gevan D. Behnke,2022,frontiers in agronomy,1,America,North America,-90.727,40.93,Cold,9.9,1204,1.43,Loam,40,43,17,High,17.07004,1.9087,Acid,6.2,Mixture,others,Upland,Conservation,Inorganic,High,246,Incorporated,10,,<5yr,2,10,3750,276.9118132,3,3040,202.0542361,3,7.12572,0.21319,3,7.02025,0.21323,3,,,,,,,,,,,,,2.05181,0.10881,3,1.74093,0.10881,3,0.412078,0.110079137,3,0.401421,0.085726494,3,,,,,,,87.51585702,10.77319709,3,99.60874879,7.539007375,3,26.96015405,3.584138923,3,49.42369673,7.787808013,3,621.7698449,71.3136261,3,657.5691963,63.51306461,3,429.3667968,39.35831248,3,412.2409631,44.392025,3,,,,,,,272.1681299,38.08991495,3,311.9678071,62.86006862,3,,,,,,,15,1,-0.209898325,0.003290145,-0.014911944,0.000605888,,,,,-0.0262019,0.038988745,-0.164302877,0.002239565,,,0.12943,0.006960666,0.05598,0.007494673,0.60607,0.014167547,,,-0.040703518,0.00666621,,,0.13648,0.020062124
16,1,Gevan D. Behnke,2022,frontiers in agronomy,1,America,North America,-90.727,40.93,Cold,9.9,1204,1.43,Loam,40,43,17,High,17.07004,1.9087,Acid,6.2,Mixture,others,Upland,Conventional,Inorganic,High,246,Incorporated,10,,<5yr,2,5,3990,294.6341692,3,3550,235.9514928,3,7.12572,0.21319,3,7.02025,0.21323,3,,,,,,,,,,,,,1.74093,0.10881,3,1.74093,0.10881,3,2.29485,0.613027406,3,2.34813,0.50146094,3,,,,,,,130.6667253,16.08506655,3,135.1046955,10.22556059,3,114.4410679,15.21403347,3,119.9745936,18.90467859,3,764.0857339,87.63648605,3,787.7730179,76.089146,3,531.8608577,48.75352726,3,544.0248766,58.58312998,3,,,,,,,347.491429,48.63140656,3,366.2257696,73.79279684,3,,,,,,,16,1,-0.116843627,0.003290145,-0.014911944,0.000605888,,,,,0.022951785,0.038988745,0,0.002604256,,,0.0334,0.006960666,0.03053,0.007494673,0.047220001,0.014167547,,,0.022613065,0.00666621,,,0.05251,0.020062124
17,1,Gevan D. Behnke,2022,frontiers in agronomy,1,America,North America,-90.727,40.93,Cold,9.9,1204,1.43,Loam,40,43,17,High,17.07004,1.9087,Acid,6.2,Mixture,others,Upland,Conventional,Inorganic,High,246,Incorporated,10,,<5yr,2,6,3990,294.6341692,3,3550,235.9514928,3,7.12572,0.21319,3,7.02025,0.21323,3,,,,,,,,,,,,,1.74093,0.10881,3,1.74093,0.10881,3,2.94494,0.786687117,3,3.26465,0.697190725,3,,,,,,,109.1922402,13.44155864,3,111.031062,8.403518821,3,51.99096742,6.911787285,3,42.19788073,6.649219209,3,601.5381752,68.9931634,3,544.7080701,52.61207344,3,424.8596138,38.9451573,3,388.7024226,41.85728544,3,,,,,,,253.7526567,35.51267048,3,178.51096,35.96913189,3,,,,,,,17,1,-0.116843627,0.003290145,-0.014911944,0.000605888,,,,,0.103064116,0.038988745,0,0.002604256,,,0.0167,0.006960666,-0.09924,0.007494673,-0.2087,0.014167547,,,-0.088944723,0.00666621,,,-0.35171,0.020062124
18,1,Gevan D. Behnke,2022,frontiers in agronomy,1,America,North America,-90.727,40.93,Cold,9.9,1204,1.43,Loam,40,43,17,High,17.07004,1.9087,Acid,6.2,Mixture,others,Upland,Conventional,Inorganic,High,246,Incorporated,10,,<5yr,2,7,3990,294.6341692,3,3550,235.9514928,3,7.12572,0.21319,3,7.02025,0.21323,3,,,,,,,,,,,,,1.74093,0.10881,3,1.74093,0.10881,3,2.07105,0.55324331,3,2.77442,0.592498397,3,,,,,,,132.8671823,16.35594269,3,163.7138358,12.39087761,3,64.91573213,8.630032372,3,72.29970146,11.39243383,3,587.9194801,67.43117301,3,707.9263055,68.37693954,3,428.7199978,39.29902304,3,526.2777661,56.67203854,3,,,,,,,240.8031994,33.70039464,3,308.1849223,62.09783487,3,,,,,,,18,1,-0.116843627,0.003290145,-0.014911944,0.000605888,,,,,0.292385991,0.038988745,0,0.002604256,,,0.20877,0.006960666,0.18575,0.007494673,0.10773,0.014167547,,,0.205025126,0.00666621,,,0.24672,0.020062124
19,1,Gevan D. Behnke,2022,frontiers in agronomy,1,America,North America,-90.727,40.93,Cold,9.9,1204,1.43,Loam,40,43,17,High,17.07004,1.9087,Acid,6.2,Mixture,others,Upland,Conventional,Inorganic,High,246,Incorporated,10,,<5yr,2,9,3990,294.6341692,3,3550,235.9514928,3,7.12572,0.21319,3,7.02025,0.21323,3,,,,,,,,,,,,,1.74093,0.10881,3,1.74093,0.10881,3,0.657194,0.175557415,3,0.603908,0.128969126,3,,,,,,,97.55145672,12.00857885,3,107.3838717,8.127476855,3,54.74357444,7.277724584,3,50.15960392,7.903766639,3,672.8012725,77.16665384,3,639.419031,61.75998276,3,444.5154998,40.74693263,3,451.2675052,48.59458464,3,,,,,,,326.8528272,45.74303537,3,255.3920971,51.46032503,3,,,,,,,19,1,-0.116843627,0.003290145,-0.014911944,0.000605888,,,,,-0.084557388,0.038988745,0,0.002604256,,,0.09603,0.006960666,-0.05089,0.007494673,-0.08745,0.014167547,,,0.015075377,0.00666621,,,-0.24671,0.020062124
20,1,Gevan D. Behnke,2022,frontiers in agronomy,1,America,North America,-90.727,40.93,Cold,9.9,1204,1.43,Loam,40,43,17,High,17.07004,1.9087,Acid,6.2,Mixture,others,Upland,Conventional,Inorganic,High,246,Incorporated,10,,<5yr,2,10,3990,294.6341692,3,3550,235.9514928,3,7.12572,0.21319,3,7.02025,0.21323,3,,,,,,,,,,,,,1.74093,0.10881,3,1.74093,0.10881,3,0.358792,0.095844752,3,0.369449,0.078898631,3,,,,,,,99.19424515,12.21080601,3,115.2830029,8.725332057,3,44.37472275,5.899267887,3,54.30900222,8.557597079,3,621.7698449,71.3136261,3,657.5691963,63.51306461,3,429.3667968,39.35831248,3,412.2409631,44.392025,3,,,,,,,272.1681299,38.08991495,3,311.9678071,62.86006862,3,,,,,,,20,1,-0.116843627,0.003290145,-0.014911944,0.000605888,,,,,0.029269873,0.038988744,0,0.002604256,,,0.15031,0.006960666,0.05598,0.007494673,0.20202,0.014167547,,,-0.040703518,0.00666621,,,0.13648,0.020062124
21,2,Holly Bowen,2018,Biology and Fertility of Soils,2,America,North America,-76.943,39.017,Temperate,13,1042,1.36,Loam,41.98746,48.01254,10,Medium,14.23857,1.937892,Acid,4.8,Non-legume,maize,Upland,Conservation,Organic,Low,67,Surface,15,,<5yr,2,6,,,,,,,6.12,0.1,3,6.1,0.1,3,0.25,0.01,3,0.28,0.01,3,,,,,,,0.5,0.06,3,0.47,0.05,3,0.33,0.05,3,0.38,0.05,3,,,,,,,,,,,,,18.19700859,2.419148148,3,10.47128548,1.649985055,3,22.38721139,2.567691623,3,33.11311215,3.198317748,3,15.13561248,1.387420197,3,6.309573445,0.679444226,3,,,,,,,,,,,,,,,,,,,21,1,,,-0.003273325,0.000178579,0.113328685,0.000958503,,,0.141078598,0.013423287,-0.061875404,0.008572446,,,,,0.391439466,0.007494673,-0.552620423,0.014167547,,,-0.874982335,0.00666621,,,,
22,2,Holly Bowen,2018,Biology and Fertility of Soils,2,America,North America,-76.943,39.017,Temperate,13,1042,1.36,Loam,41.98746,48.01254,10,Medium,14.23857,1.937892,Acid,4.8,Non-legume,maize,Upland,Conservation,Organic,Low,67,Surface,2.5,,<5yr,2,6,,,,,,,6.37,0.16,3,6.37,0.14,3,0.28,0.02,3,0.31,0,3,,,,,,,0.66,0.09,3,0.7,0.08,3,0.48,0.05,3,0.44,0.08,3,,,,,,,,,,,,,39.81071706,5.292519482,3,23.44228815,3.693856422,3,43.65158322,5.006599645,3,63.09573445,6.094268833,3,41.68693835,3.82127253,3,17.37800829,1.87134479,3,,,,,,,,,,,,,,,,,,,22,1,,,0,0.000371311,0.101782694,0.00170068,,,-0.087011377,0.014636182,0.0588405,0.010552089,,,,,0.368413615,0.007494673,-0.529594572,0.014167547,,,-0.874982335,0.00666621,,,,
23,2,Holly Bowen,2018,Biology and Fertility of Soils,2,America,North America,-76.943,39.017,Temperate,13,1042,1.36,Loam,41.98746,48.01254,10,Medium,14.23857,1.937892,Acid,4.8,Non-legume,maize,Upland,Conservation,Organic,Low,67,Surface,7.5,,<5yr,2,6,,,,,,,6.25,0.18,3,6.26,0.16,3,0.26,0.02,3,0.3,0,3,,,,,,,0.56,0.08,3,0.6,0.06,3,0.39,0.07,3,0.42,0.05,3,,,,,,,,,,,,,28.18382931,3.746816856,3,16.59586907,2.615050082,3,31.6227766,3.626960821,3,45.70881896,4.414907493,3,26.30267992,2.411059968,3,10.71519305,1.153861844,3,,,,,,,,,,,,,,,,,,,23,1,,,0.001598721,0.000494236,0.143100844,0.001972387,,,0.074107972,0.015462661,0.068992871,0.010136054,,,,,0.368413615,0.007494673,-0.529594572,0.014167547,,,-0.898008187,0.00666621,,,,
24,2,Holly Bowen,2018,Biology and Fertility of Soils,2,America,North America,-76.943,39.017,Temperate,13,1042,1.36,Loam,41.98746,48.01254,10,Medium,14.23857,1.937892,Acid,4.8,Non-legume,maize,Upland,Conservation,Organic,Low,67,Surface,15,,<5yr,2,6,,,,,,,6.1,0.2,3,6.08,0.18,3,0.24,0.02,3,0.27,0.01,3,,,,,,,0.47,0.12,3,0.42,0.06,3,0.29,0.1,3,0.36,0.09,3,,,,,,,,,,,,,15.48816619,2.059029009,3,9.332543008,1.470550728,3,19.05460718,2.185460011,3,28.18382931,2.722209894,3,11.48153621,1.052465848,3,4.677351413,0.503678963,3,,,,,,,,,,,,,,,,,,,24,1,,,-0.003284075,0.000650484,0.117783036,0.002772062,,,0.216223108,0.060468688,-0.112477983,0.02853201,,,,,0.391439466,0.007494673,-0.506568721,0.014167547,,,-0.898008186,0.00666621,,,,
25,2,Holly Bowen,2018,Biology and Fertility of Soils,2,America,North America,-76.943,39.017,Temperate,13,1042,1.36,Loam,41.98746,48.01254,10,Medium,14.23857,1.937892,Acid,4.8,Non-legume,maize,Upland,Conservation,Organic,Low,67,Surface,25,,<5yr,2,6,,,,,,,6.04,0.21,3,6,0.19,3,0.25,0.02,3,0.27,0.01,3,,,,,,,0.53,0.11,3,0.4,0.06,3,0.3,0.09,3,0.36,0.1,3,,,,,,,,,,,,,14.79108388,1.966357438,3,8.511380382,1.341158204,3,18.62087137,2.135712867,3,28.18382931,2.722209894,3,11.48153621,1.052465848,3,4.786300923,0.515411153,3,,,,,,,,,,,,,,,,,,,25,1,,,-0.006644543,0.000737202,0.076961041,0.002590581,,,0.182321557,0.055720165,-0.281412459,0.021858609,,,,,0.414465316,0.007494673,-0.552620422,0.014167547,,,-0.874982335,0.00666621,,,,
26,2,Holly Bowen,2018,Biology and Fertility of Soils,2,America,North America,-76.943,39.017,Temperate,13,1042,1.36,Loam,41.98746,48.01254,10,Medium,14.23857,1.937892,Acid,4.8,Legume,maize,Upland,Conventional,Organic,Low,67,Surface,15,,<5yr,2,6,,,,,,,6.12,0.1,3,6.04,0.07,3,0.25,0.01,3,0.23,0.01,3,,,,,,,0.5,0.06,3,0.62,0.06,3,0.33,0.05,3,0.38,0.06,3,,,,,,,,,,,,,18.19700859,2.419148148,3,17.37800829,2.738293595,3,22.38721139,2.567691623,3,14.79108388,1.428636061,3,15.13561248,1.387420197,3,15.13561248,1.629873176,3,,,,,,,,,,,,,,,,,,,26,1,,,-0.013158085,0.000133769,-0.083381609,0.001163453,,,0.141078598,0.01596253,0.21511138,0.007921748,,,,,-0.414465317,0.007494673,-0.046051702,0.014167547,,,0,0.00666621,,,,
27,2,Holly Bowen,2018,Biology and Fertility of Soils,2,America,North America,-76.943,39.017,Temperate,13,1042,1.36,Loam,41.98746,48.01254,10,Medium,14.23857,1.937892,Acid,4.8,Legume,maize,Upland,Conventional,Organic,Low,67,Surface,2.5,,<5yr,2,6,,,,,,,6.37,0.16,3,6.17,0.11,3,0.28,0.02,3,0.24,0.02,3,,,,,,,0.66,0.09,3,0.75,0.12,3,0.48,0.05,3,0.62,0.05,3,,,,,,,,,,,,,39.81071706,5.292519482,3,38.01893963,5.990733643,3,43.65158322,5.006599645,3,26.30267992,2.540514091,3,41.68693835,3.82127253,3,38.01893963,4.094056316,3,,,,,,,,,,,,,,,,,,,27,1,,,-0.031900632,0.000316249,-0.15415068,0.004015495,,,0.255933374,0.005784779,0.127833372,0.01473168,,,,,-0.50656872,0.007494673,-0.046051702,0.014167547,,,-0.092103404,0.00666621,,,,
28,2,Holly Bowen,2018,Biology and Fertility of Soils,2,America,North America,-76.943,39.017,Temperate,13,1042,1.36,Loam,41.98746,48.01254,10,Medium,14.23857,1.937892,Acid,4.8,Legume,maize,Upland,Conventional,Organic,Low,67,Surface,7.5,,<5yr,2,6,,,,,,,6.25,0.18,3,6.11,0.11,3,0.26,0.02,3,0.23,0.02,3,,,,,,,0.56,0.08,3,0.65,0.12,3,0.39,0.07,3,0.53,0.08,3,,,,,,,,,,,,,28.18382931,3.746816856,3,27.54228703,4.339902878,3,31.6227766,3.626960821,3,20.89296131,2.018002073,3,26.30267992,2.411059968,3,25.70395783,2.767921776,3,,,,,,,,,,,,,,,,,,,28,1,,,-0.022654691,0.000384519,-0.122602322,0.004492865,,,0.306730267,0.018333185,0.149035579,0.018163668,,,,,-0.414465317,0.007494673,-0.023025851,0.014167547,,,-0.023025851,0.00666621,,,,
29,2,Holly Bowen,2018,Biology and Fertility of Soils,2,America,North America,-76.943,39.017,Temperate,13,1042,1.36,Loam,41.98746,48.01254,10,Medium,14.23857,1.937892,Acid,4.8,Legume,maize,Upland,Conventional,Organic,Low,67,Surface,15,,<5yr,2,6,,,,,,,6.1,0.2,3,5.98,0.15,3,0.24,0.02,3,0.22,0.02,3,,,,,,,0.47,0.12,3,0.59,0.14,3,0.29,0.1,3,0.31,0.1,3,,,,,,,,,,,,,15.48816619,2.059029009,3,14.45439771,2.277613407,3,19.05460718,2.185460011,3,13.18256739,1.273273229,3,11.48153621,1.052465848,3,11.48153621,1.236385241,3,,,,,,,,,,,,,,,,,,,29,1,,,-0.019868203,0.000568056,-0.087011377,0.005069636,,,0.066691374,0.074321446,0.227389842,0.040497842,,,,,-0.368413615,0.007494673,-0.069077553,0.014167547,,,0,0.00666621,,,,
30,2,Holly Bowen,2018,Biology and Fertility of Soils,2,America,North America,-76.943,39.017,Temperate,13,1042,1.36,Loam,41.98746,48.01254,10,Medium,14.23857,1.937892,Acid,4.8,Legume,maize,Upland,Conventional,Organic,Low,67,Surface,25,,<5yr,2,6,,,,,,,6.04,0.21,3,6.01,0.15,3,0.25,0.02,3,0.22,0.02,3,,,,,,,0.53,0.11,3,0.67,0.11,3,0.3,0.09,3,0.32,0.09,3,,,,,,,,,,,,,14.79108388,1.966357438,3,14.12537545,2.225768596,3,18.62087137,2.135712867,3,12.58925412,1.215966494,3,11.48153621,1.052465848,3,11.74897555,1.265184353,3,,,,,,,,,,,,,,,,,,,30,1,,,-0.004979263,0.000610583,-0.127833372,0.004888154,,,0.064538521,0.056367188,0.234400706,0.023343535,,,,,-0.391439466,0.007494673,-0.046051701,0.014167547,,,0.023025851,0.00666621,,,,
31,3,Jialin Hu,2021,mSphere,3,America,North America,-88.821,35.633,Temperate,15.3151,1364.618,1.44,Silt loam,21.34127,65.65873,13,Medium,10.5629,1.566877,Acid,5.6,Legume,others,Upland,Conservation,Inorganic,Low,0,Incorporated,10,,>5yr,37,4,,,,,,,,,,,,,,,,,,,,,,,,,,,,,,,,,,,,,,,,,,,0.380189396,0.046801293,4,0.211836114,0.01603307,4,21.0377844,2.79680679,4,36.55947916,5.760763027,4,8.933054837,1.024572899,4,12.67651866,1.224395171,4,7.04693069,0.645963549,4,16.33051948,1.758546321,4,,,,,,,0.039994475,0.005597225,4,0.375837404,0.075729497,4,,,,,,,31,1,,,,,,,,,,,,,,,-0.584856611,0.005220499,0.349992934,0.005621005,0.552620422,0.01062566,,,0.840443559,0.004999657,,,2.240415294,0.015046594
32,3,Jialin Hu,2021,mSphere,3,America,North America,-88.821,35.633,Temperate,15.3151,1364.618,1.44,Silt loam,21.34127,65.65873,13,Medium,10.5629,1.566877,Acid,5.6,Legume,others,Upland,Conservation,Inorganic,Low,67,Incorporated,10,,>5yr,37,4,,,,,,,,,,,,,,,,,,,,,,,,,,,,,,,,,,,,,,,,,,,0.104231743,0.012830922,4,0.207491352,0.015704231,4,17.02158508,2.262884905,4,13.74041975,2.165110223,4,4.864072057,0.557882662,4,4.852885002,0.468728767,4,5.807644175,0.532363182,4,6.516283941,0.701703774,4,,,,,,,0.042953643,0.00601136,4,0.336511569,0.067805523,4,,,,,,,32,1,,,,,,,,,,,,,,,0.688472943,0.005220499,-0.002302585,0.005621005,-0.214140413,0.01062566,,,0.115129255,0.004999657,,,2.058511064,0.015046593
33,3,Jialin Hu,2021,mSphere,3,America,North America,-88.821,35.633,Temperate,15.3151,1364.618,1.44,Silt loam,21.34127,65.65873,13,Medium,10.5629,1.566877,Acid,5.6,Legume,others,Upland,Conservation,Inorganic,Low,0,Incorporated,10,,>5yr,37,5,,,,,,,,,,,,,,,,,,,,,,,,,,,,,,,,,,,,,,,,,,,0.223872114,0.027558645,4,0.192752491,0.014588703,4,19.9986187,2.658657942,4,37.41105883,5.894948436,4,7.961593504,0.913151558,4,8.279421637,0.799689895,4,7.603262769,0.696960254,4,10.11579454,1.089315824,4,,,,,,,0.094406088,0.013212127,4,0.360578643,0.072654927,4,,,,,,,33,1,,,,,,,,,,,,,,,-0.149668033,0.005220499,0.039143947,0.005621005,0.626303145,0.01062566,,,0.285520551,0.004999657,,,1.34010452,0.015046593
34,3,Jialin Hu,2021,mSphere,3,America,North America,-88.821,35.633,Temperate,15.3151,1364.618,1.44,Silt loam,21.34127,65.65873,13,Medium,10.5629,1.566877,Acid,5.6,Legume,others,Upland,Conservation,Inorganic,Low,67,Incorporated,10,,>5yr,37,5,,,,,,,,,,,,,,,,,,,,,,,,,,,,,,,,,,,,,,,,,,,0.140604752,0.017308437,4,0.159587915,0.012078602,4,21.3796209,2.842251245,4,28.31391996,4.461490891,4,8.184647881,0.938734684,4,5.861381645,0.56613709,4,7.04693069,0.645963549,4,10.78946722,1.161860032,4,,,,,,,0.129121927,0.018070607,4,0.450816705,0.090837479,4,,,,,,,34,1,,,,,,,,,,,,,,,0.126642185,0.005220499,-0.333874838,0.005621005,0.280915381,0.01062566,,,0.425978242,0.004999657,,,1.250303709,0.015046593
35,3,Jialin Hu,2021,mSphere,3,America,North America,-88.821,35.633,Temperate,15.3151,1364.618,1.44,Silt loam,21.34127,65.65873,13,Medium,10.5629,1.566877,Acid,5.6,Legume,others,Upland,Conservation,Inorganic,Low,0,Incorporated,10,,>5yr,37,10,,,,,,,,,,,,,,,,,,,,,,,,,,,,,,,,,,,,,,,,,,,0.068706844,0.008457809,4,0.112719746,0.008531329,4,25.94179362,3.44875597,4,33.26595533,5.241794739,4,8.072350302,0.925854761,4,11.58777356,1.119235839,4,26.66858665,2.444601153,4,23.1739465,2.495478384,4,,,,,,,0.279254384,0.039081636,4,0.486407206,0.0980088,4,,,,,,,35,1,,,,,,,,,,,,,,,0.495055798,0.0052205,0.36150586,0.005621005,0.24867919,0.01062566,,,-0.140457691,0.004999657,,,0.554923008,0.015046593
36,3,Jialin Hu,2021,mSphere,3,America,North America,-88.821,35.633,Temperate,15.3151,1364.618,1.44,Silt loam,21.34127,65.65873,13,Medium,10.5629,1.566877,Acid,5.6,Legume,others,Upland,Conservation,Inorganic,Low,67,Incorporated,10,,>5yr,37,10,,,,,,,,,,,,,,,,,,,,,,,,,,,,,,,,,,,,,,,,,,,0.074131024,0.009125525,4,0.171790839,0.013002195,4,29.44421634,3.914375327,4,29.6483139,4.671754479,4,9.862794856,1.131209033,4,9.141132415,0.882920515,4,27.79713268,2.54805039,4,25.64484037,2.761555732,4,,,,,,,0.108642562,0.015204521,4,1.127197456,0.227125068,4,,,,,,,36,1,,,,,,,,,,,,,,,0.840443562,0.005220499,-0.075985308,0.005621005,0.006907755,0.01062566,,,-0.080590478,0.004999657,,,2.339426458,0.015046593
37,3,Jialin Hu,2021,mSphere,3,America,North America,-88.821,35.633,Temperate,15.3151,1364.618,1.44,Silt loam,21.34127,65.65873,13,Medium,10.5629,1.566877,Acid,5.6,Legume,others,Upland,Conservation,Inorganic,Low,0,Incorporated,10,,>5yr,37,11,,,,,,,,,,,,,,,,,,,,,,,,,,,,,,,,,,,,,,,,,,,0.347536161,0.042781682,4,0.280543364,0.02123326,4,47.97334486,6.377676191,4,48.86523593,7.699810034,4,12.88249552,1.477552307,4,13.06170888,1.26159979,4,11.56112242,1.059761193,4,13.93156803,1.500216067,4,,,,,,,0.086896043,0.012161096,4,0.212324446,0.042782393,4,,,,,,,37,1,,,,,,,,,,,,,,,-0.214140412,0.005220499,0.01381551,0.005621005,0.018420681,0.01062566,,,0.186509393,0.004999657,,,0.893403014,0.015046593
38,3,Jialin Hu,2021,mSphere,3,America,North America,-88.821,35.633,Temperate,15.3151,1364.618,1.44,Silt loam,21.34127,65.65873,13,Medium,10.5629,1.566877,Acid,5.6,Legume,others,Upland,Conservation,Inorganic,Low,67,Incorporated,10,,>5yr,37,11,,,,,,,,,,,,,,,,,,,,,,,,,,,,,,,,,,,,,,,,,,,0.272270131,0.033516438,4,0.265460556,0.0200917,4,50.69907083,6.740039866,4,56.36376558,8.881370969,4,10.23292992,1.173661515,4,11.11731727,1.07379557,4,12.02264435,1.102067036,4,17.10015315,1.841424056,4,,,,,,,0.078523563,0.010989368,4,0.216271852,0.043577777,4,,,,,,,38,1,,,,,,,,,,,,,,,-0.025328437,0.005220499,0.082893063,0.005621005,0.105918914,0.01062566,,,0.352295519,0.004999657,,,1.013137445,0.015046593
39,3,Jialin Hu,2021,mSphere,3,America,North America,-88.821,35.633,Temperate,15.3151,1364.618,1.44,Silt loam,21.34127,65.65873,13,Medium,10.5629,1.566877,Acid,5.6,Legume,others,Upland,Conventional,Inorganic,Low,0,Incorporated,10,,>5yr,37,4,,,,,,,,,,,,,,,,,,,,,,,,,,,,,,,,,,,,,,,,,,,0.476430987,0.058648628,4,0.495450191,0.037498741,4,32.73406949,4.351735244,4,42.75628862,6.737208852,4,11.0407862,1.266318245,4,9.840111058,0.950433221,4,10.16248693,0.931553951,4,15.10080154,1.626124572,4,,,,,,,0.134586035,0.018835308,4,0.365594792,0.073665658,4,,,,,,,39,1,,,,,,,,,,,,,,,0.039143947,0.005220499,-0.115129255,0.005621005,0.267099871,0.01062566,,,0.396044636,0.004999657,,,0.999321934,0.015046593
40,3,Jialin Hu,2021,mSphere,3,America,North America,-88.821,35.633,Temperate,15.3151,1364.618,1.44,Silt loam,21.34127,65.65873,13,Medium,10.5629,1.566877,Acid,5.6,Legume,others,Upland,Conventional,Inorganic,Low,67,Incorporated,10,,>5yr,37,4,,,,,,,,,,,,,,,,,,,,,,,,,,,,,,,,,,,,,,,,,,,0.297851643,0.036665521,4,0.504661298,0.038195894,4,40.45758917,5.378516005,4,48.97788194,7.71755993,4,9.225714272,1.058139348,4,9.506047937,0.918166849,4,11.09174815,1.016735558,4,14.75706533,1.589109457,4,,,,,,,0.096382902,0.013488782,4,0.437522105,0.088158678,4,,,,,,,40,1,,,,,,,,,,,,,,,0.527291987,0.005220499,0.029933606,0.005621005,0.191114563,0.01062566,,,0.285520552,0.004999657,,,1.512798409,0.015046593
41,3,Jialin Hu,2021,mSphere,3,America,North America,-88.821,35.633,Temperate,15.3151,1364.618,1.44,Silt loam,21.34127,65.65873,13,Medium,10.5629,1.566877,Acid,5.6,Legume,others,Upland,Conventional,Inorganic,Low,0,Incorporated,10,,>5yr,37,5,,,,,,,,,,,,,,,,,,,,,,,,,,,,,,,,,,,,,,,,,,,0.43052661,0.052997802,4,0.592925325,0.044876263,4,41.20975191,5.478510083,4,66.0693448,10.41070189,4,9.332543008,1.070392024,4,12.56029964,1.213169849,4,12.5025903,1.146061735,4,21.42890601,2.307564305,4,,,,,,,0.231739465,0.032431926,4,0.935405674,0.188479912,4,,,,,,,41,1,,,,,,,,,,,,,,,0.32005933,0.005220499,0.297033477,0.005621005,0.472029944,0.01062566,,,0.538804912,0.004999657,,,1.395366566,0.015046593
42,3,Jialin Hu,2021,mSphere,3,America,North America,-88.821,35.633,Temperate,15.3151,1364.618,1.44,Silt loam,21.34127,65.65873,13,Medium,10.5629,1.566877,Acid,5.6,Legume,others,Upland,Conventional,Inorganic,Low,67,Incorporated,10,,>5yr,37,5,,,,,,,,,,,,,,,,,,,,,,,,,,,,,,,,,,,,,,,,,,,0.374973002,0.046159156,4,0.389045145,0.029445347,4,33.419504,4.442858333,4,31.91537855,5.028981183,4,9.682778563,1.110562141,4,9.52796164,0.920283442,4,11.66809617,1.069567043,4,15.99558029,1.72247851,4,,,,,,,0.25527013,0.035725041,4,0.714496326,0.143967701,4,,,,,,,42,1,,,,,,,,,,,,,,,0.036841362,0.005220499,-0.016118096,0.005621005,-0.046051702,0.01062566,,,0.315454158,0.004999657,,,1.029255538,0.015046593
43,3,Jialin Hu,2021,mSphere,3,America,North America,-88.821,35.633,Temperate,15.3151,1364.618,1.44,Silt loam,21.34127,65.65873,13,Medium,10.5629,1.566877,Acid,5.6,Legume,others,Upland,Conventional,Inorganic,Low,0,Incorporated,10,,>5yr,37,10,,,,,,,,,,,,,,,,,,,,,,,,,,,,,,,,,,,,,,,,,,,0.209893988,0.025837938,4,0.258226019,0.019544145,4,38.28247433,5.089351717,4,49.54501908,7.806925062,4,10.56817509,1.212112317,4,11.09174815,1.071325909,4,27.41574172,2.513089828,4,23.28091258,2.506996989,4,,,,,,,0.281838293,0.039443254,4,1.28528666,0.258979311,4,,,,,,,43,1,,,,,,,,,,,,,,,0.20723266,0.005220499,0.048354287,0.005621005,0.25788953,0.01062566,,,-0.163483541,0.004999657,,,1.517403577,0.015046593
44,3,Jialin Hu,2021,mSphere,3,America,North America,-88.821,35.633,Temperate,15.3151,1364.618,1.44,Silt loam,21.34127,65.65873,13,Medium,10.5629,1.566877,Acid,5.6,Legume,others,Upland,Conventional,Inorganic,Low,67,Incorporated,10,,>5yr,37,10,,,,,,,,,,,,,,,,,,,,,,,,,,,,,,,,,,,,,,,,,,,0.229086765,0.028200568,4,0.163305195,0.012359949,4,48.19477976,6.407114206,4,50.46612976,7.952066635,4,9.057326009,1.038826128,4,11.16863248,1.078751986,4,29.30893245,2.686630942,4,34.91403155,3.759705367,4,,,,,,,0.231206479,0.032357334,4,1.297179271,0.261375617,4,,,,,,,44,1,,,,,,,,,,,,,,,-0.338480006,0.005220499,0.209535244,0.005621005,0.046051702,0.01062566,,,0.174996467,0.004999657,,,1.724636235,0.015046593
45,3,Jialin Hu,2021,mSphere,3,America,North America,-88.821,35.633,Temperate,15.3151,1364.618,1.44,Silt loam,21.34127,65.65873,13,Medium,10.5629,1.566877,Acid,5.6,Legume,others,Upland,Conventional,Inorganic,Low,0,Incorporated,10,,>5yr,37,11,,,,,,,,,,,,,,,,,,,,,,,,,,,,,,,,,,,,,,,,,,,0.350751874,0.043177536,4,0.638263486,0.048307736,4,45.6036916,6.062649559,4,79.9834255,12.60317628,4,9.931160484,1.139050199,4,15.41700453,1.489092266,4,9.141132415,0.837930526,4,20.60629913,2.218982169,4,,,,,,,0.046665938,0.006530895,4,0.18238957,0.036750654,4,,,,,,,45,1,,,,,,,,,,,,,,,0.598672124,0.005220499,0.439793753,0.005621005,0.561830763,0.01062566,,,0.812812538,0.004999657,,,1.363130374,0.015046592
46,3,Jialin Hu,2021,mSphere,3,America,North America,-88.821,35.633,Temperate,15.3151,1364.618,1.44,Silt loam,21.34127,65.65873,13,Medium,10.5629,1.566877,Acid,5.6,Legume,others,Upland,Conventional,Inorganic,Low,67,Incorporated,10,,>5yr,37,11,,,,,,,,,,,,,,,,,,,,,,,,,,,,,,,,,,,,,,,,,,,0.366437575,0.045108445,4,0.287739841,0.021777934,4,86.69618758,11.5255714,4,59.56621435,9.385988346,4,13.55189412,1.554328693,4,12.70574105,1.227217693,4,15.48816619,1.419737365,4,16.06941253,1.73042911,4,,,,,,,0.056234133,0.007869964,4,0.155596563,0.031351987,4,,,,,,,46,1,,,,,,,,,,,,,,,-0.241771437,0.005220499,-0.064472383,0.005621005,-0.37532137,0.01062566,,,0.036841361,0.004999657,,,1.017742602,0.015046593
47,3,Jialin Hu,2021,mSphere,3,America,North America,-88.821,35.633,Temperate,15.3151,1364.618,1.44,Silt loam,21.34127,65.65873,13,Medium,10.5629,1.566877,Acid,5.6,Non-legume,others,Upland,Conservation,Inorganic,Low,0,Incorporated,10,,>5yr,37,4,,,,,,,,,,,,,,,,,,,,,,,,,,,,,,,,,,,,,,,,,,,0.380189396,0.046801293,4,0.261216135,0.019770456,4,21.0377844,2.79680679,4,18.11340093,2.854171141,4,8.933054837,1.024572899,4,6.591738952,0.636680587,4,7.04693069,0.645963549,4,7.277798045,0.783707156,4,,,,,,,0.039994475,0.005597225,4,0.266072506,0.053612378,4,,,,,,,47,1,,,,,,,,,,,,,,,-0.375321371,0.005220499,-0.303941232,0.005621005,-0.149668031,0.01062566,,,0.032236191,0.004999657,,,1.895027531,0.015046594
48,3,Jialin Hu,2021,mSphere,3,America,North America,-88.821,35.633,Temperate,15.3151,1364.618,1.44,Silt loam,21.34127,65.65873,13,Medium,10.5629,1.566877,Acid,5.6,Non-legume,others,Upland,Conservation,Inorganic,Low,67,Incorporated,10,,>5yr,37,4,,,,,,,,,,,,,,,,,,,,,,,,,,,,,,,,,,,,,,,,,,,0.104231743,0.012830922,4,0.272270131,0.020607091,4,17.02158508,2.262884905,4,25.17676928,3.967162688,4,4.864072057,0.557882662,4,6.081350013,0.587383318,4,5.807644175,0.532363182,4,6.324118514,0.681010507,4,,,,,,,0.042953643,0.00601136,4,0.042364297,0.00853621,4,,,,,,,48,1,,,,,,,,,,,,,,,0.960177984,0.005220499,0.223350754,0.005621005,0.391439466,0.01062566,,,0.085195649,0.004999657,,,-0.013815509,0.015046594
49,3,Jialin Hu,2021,mSphere,3,America,North America,-88.821,35.633,Temperate,15.3151,1364.618,1.44,Silt loam,21.34127,65.65873,13,Medium,10.5629,1.566877,Acid,5.6,Non-legume,others,Upland,Conservation,Inorganic,Low,0,Incorporated,10,,>5yr,37,5,,,,,,,,,,,,,,,,,,,,,,,,,,,,,,,,,,,,,,,,,,,0.223872114,0.027558645,4,0.279898132,0.021184425,4,19.9986187,2.658657942,4,23.1739465,3.651573197,4,7.961593504,0.913151558,4,8.912509381,0.860838353,4,7.603262769,0.696960254,4,8.128305162,0.87529372,4,,,,,,,0.094406088,0.013212127,4,0.284446111,0.057314574,4,,,,,,,49,1,,,,,,,,,,,,,,,0.223350754,0.005220499,0.11282667,0.005621005,0.147365446,0.01062566,,,0.066774968,0.004999657,,,1.102938257,0.015046593
50,3,Jialin Hu,2021,mSphere,3,America,North America,-88.821,35.633,Temperate,15.3151,1364.618,1.44,Silt loam,21.34127,65.65873,13,Medium,10.5629,1.566877,Acid,5.6,Non-legume,others,Upland,Conservation,Inorganic,Low,67,Incorporated,10,,>5yr,37,5,,,,,,,,,,,,,,,,,,,,,,,,,,,,,,,,,,,,,,,,,,,0.140604752,0.017308437,4,0.293764965,0.022233953,4,21.3796209,2.842251245,4,46.98941086,7.40423187,4,8.184647881,0.938734684,4,13.18256739,1.273273229,4,7.04693069,0.645963549,4,14.42115352,1.55293691,4,,,,,,,0.129121927,0.018070607,4,0.225423921,0.045421876,4,,,,,,,50,1,,,,,,,,,,,,,,,0.736827232,0.005220499,0.476635115,0.005621005,0.787484102,0.01062566,,,0.716103964,0.004999657,,,0.557225594,0.015046593
51,3,Jialin Hu,2021,mSphere,3,America,North America,-88.821,35.633,Temperate,15.3151,1364.618,1.44,Silt loam,21.34127,65.65873,13,Medium,10.5629,1.566877,Acid,5.6,Non-legume,others,Upland,Conservation,Inorganic,Low,0,Incorporated,10,,>5yr,37,10,,,,,,,,,,,,,,,,,,,,,,,,,,,,,,,,,,,,,,,,,,,0.068706844,0.008457809,4,0.228034207,0.017259042,4,25.94179362,3.44875597,4,27.41574172,4.319962836,4,8.072350302,0.925854761,4,7.311390835,0.706190073,4,26.66858665,2.444601153,4,15.34616983,1.65254697,4,,,,,,,0.279254384,0.039081636,4,0.496592321,0.100061053,4,,,,,,,51,1,,,,,,,,,,,,,,,1.199646833,0.005220499,-0.099011159,0.005621005,0.055262042,0.01062566,,,-0.552620422,0.004999657,,,0.575646273,0.015046593
52,3,Jialin Hu,2021,mSphere,3,America,North America,-88.821,35.633,Temperate,15.3151,1364.618,1.44,Silt loam,21.34127,65.65873,13,Medium,10.5629,1.566877,Acid,5.6,Non-legume,others,Upland,Conservation,Inorganic,Low,67,Incorporated,10,,>5yr,37,10,,,,,,,,,,,,,,,,,,,,,,,,,,,,,,,,,,,,,,,,,,,0.074131024,0.009125525,4,0.118032064,0.008933398,4,29.44421634,3.914375327,4,31.40508694,4.948573335,4,9.862794856,1.131209033,4,8.953647655,0.864811803,4,27.79713268,2.54805039,4,16.98243652,1.828747782,4,,,,,,,0.108642562,0.015204521,4,0.328851631,0.066262081,4,,,,,,,52,1,,,,,,,,,,,,,,,0.465122194,0.005220499,-0.096708574,0.005621005,0.064472383,0.01062566,,,-0.49275321,0.004999657,,,1.107543433,0.015046593
53,3,Jialin Hu,2021,mSphere,3,America,North America,-88.821,35.633,Temperate,15.3151,1364.618,1.44,Silt loam,21.34127,65.65873,13,Medium,10.5629,1.566877,Acid,5.6,Non-legume,others,Upland,Conservation,Inorganic,Low,0,Incorporated,10,,>5yr,37,11,,,,,,,,,,,,,,,,,,,,,,,,,,,,,,,,,,,,,,,,,,,0.347536161,0.042781682,4,0.219785987,0.016634766,4,47.97334486,6.377676191,4,34.43499308,5.426002764,4,12.88249552,1.477552307,4,9.099132726,0.878863864,4,11.56112242,1.059761193,4,7.78036551,0.837825959,4,,,,,,,0.086896043,0.012161096,4,0.063826349,0.012860714,4,,,,,,,53,1,,,,,,,,,,,,,,,-0.458214433,0.005220499,-0.347690349,0.005621005,-0.331572253,0.01062566,,,-0.396044636,0.004999657,,,-0.308546397,0.015046593
54,3,Jialin Hu,2021,mSphere,3,America,North America,-88.821,35.633,Temperate,15.3151,1364.618,1.44,Silt loam,21.34127,65.65873,13,Medium,10.5629,1.566877,Acid,5.6,Non-legume,others,Upland,Conservation,Inorganic,Low,67,Incorporated,10,,>5yr,37,11,,,,,,,,,,,,,,,,,,,,,,,,,,,,,,,,,,,,,,,,,,,0.272270131,0.033516438,4,0.24603676,0.018621587,4,50.69907083,6.740039866,4,57.01642723,8.984212398,4,10.23292992,1.173661515,4,11.24604974,1.086229537,4,12.02264435,1.102067036,4,12.41652308,1.337068977,4,,,,,,,0.078523563,0.010989368,4,0.032433962,0.006535293,4,,,,,,,54,1,,,,,,,,,,,,,,,-0.101313746,0.005220499,0.094405989,0.005621005,0.11743184,0.01062566,,,0.032236191,0.004999657,,,-0.884192662,0.015046592
55,3,Jialin Hu,2021,mSphere,3,America,North America,-88.821,35.633,Temperate,15.3151,1364.618,1.44,Silt loam,21.34127,65.65873,13,Medium,10.5629,1.566877,Acid,5.6,Non-legume,others,Upland,Conventional,Inorganic,Low,0,Incorporated,10,,>5yr,37,4,,,,,,,,,,,,,,,,,,,,,,,,,,,,,,,,,,,,,,,,,,,0.476430987,0.058648628,4,0.39994475,0.030270297,4,32.73406949,4.351735244,4,21.28139046,3.353358695,4,11.0407862,1.266318245,4,7.550922277,0.729325852,4,10.16248693,0.931553951,4,5.861381645,0.631180848,4,,,,,,,0.134586035,0.018835308,4,0.121059813,0.024392992,4,,,,,,,55,1,,,,,,,,,,,,,,,-0.174996467,0.005220499,-0.37992654,0.005621005,-0.430583412,0.01062566,,,-0.550317837,0.004999657,,,-0.105918914,0.015046593
56,3,Jialin Hu,2021,mSphere,3,America,North America,-88.821,35.633,Temperate,15.3151,1364.618,1.44,Silt loam,21.34127,65.65873,13,Medium,10.5629,1.566877,Acid,5.6,Non-legume,others,Upland,Conventional,Inorganic,Low,67,Incorporated,10,,>5yr,37,4,,,,,,,,,,,,,,,,,,,,,,,,,,,,,,,,,,,,,,,,,,,0.297851643,0.036665521,4,0.620869034,0.046991216,4,40.45758917,5.378516005,4,48.08393484,7.576698586,4,9.225714272,1.058139348,4,9.571940713,0.924531277,4,11.09174815,1.016735558,4,13.99587323,1.50714075,4,,,,,,,0.096382902,0.013488782,4,0.098627949,0.019873075,4,,,,,,,56,1,,,,,,,,,,,,,,,0.734524644,0.005220499,0.036841361,0.005621005,0.172693882,0.01062566,,,0.232561095,0.004999657,,,0.023025859,0.015046593
57,3,Jialin Hu,2021,mSphere,3,America,North America,-88.821,35.633,Temperate,15.3151,1364.618,1.44,Silt loam,21.34127,65.65873,13,Medium,10.5629,1.566877,Acid,5.6,Non-legume,others,Upland,Conventional,Inorganic,Low,0,Incorporated,10,,>5yr,37,5,,,,,,,,,,,,,,,,,,,,,,,,,,,,,,,,,,,,,,,,,,,0.43052661,0.052997802,4,0.398107171,0.030131218,4,41.20975191,5.478510083,4,38.01893963,5.990733643,4,9.332543008,1.070392024,4,11.19437883,1.081238766,4,12.5025903,1.146061735,4,14.1579378,1.524592617,4,,,,,,,0.231739465,0.032431926,4,0.332659553,0.06702936,4,,,,,,,57,1,,,,,,,,,,,,,,,-0.078287891,0.005220499,0.181904222,0.005621005,-0.080590478,0.01062566,,,0.124339595,0.004999657,,,0.361505859,0.015046593
58,3,Jialin Hu,2021,mSphere,3,America,North America,-88.821,35.633,Temperate,15.3151,1364.618,1.44,Silt loam,21.34127,65.65873,13,Medium,10.5629,1.566877,Acid,5.6,Non-legume,others,Upland,Conventional,Inorganic,Low,67,Incorporated,10,,>5yr,37,5,,,,,,,,,,,,,,,,,,,,,,,,,,,,,,,,,,,,,,,,,,,0.374973002,0.046159156,4,0.324339617,0.024548032,4,33.419504,4.442858333,4,70.9577768,11.1809836,4,9.682778563,1.110562141,4,12.41652308,1.199282808,4,11.66809617,1.069567043,4,19.45360082,2.094854251,4,,,,,,,0.25527013,0.035725041,4,0.314050869,0.063279796,4,,,,,,,58,1,,,,,,,,,,,,,,,-0.145062861,0.005220499,0.24867919,0.005621005,0.752945326,0.01062566,,,0.511173891,0.004999657,,,0.207232658,0.015046593
59,3,Jialin Hu,2021,mSphere,3,America,North America,-88.821,35.633,Temperate,15.3151,1364.618,1.44,Silt loam,21.34127,65.65873,13,Medium,10.5629,1.566877,Acid,5.6,Non-legume,others,Upland,Conventional,Inorganic,Low,0,Incorporated,10,,>5yr,37,10,,,,,,,,,,,,,,,,,,,,,,,,,,,,,,,,,,,,,,,,,,,0.209893988,0.025837938,4,0.305492111,0.023121536,4,38.28247433,5.089351717,4,34.43499308,5.426002764,4,10.56817509,1.212112317,4,9.594006315,0.926662542,4,27.41574172,2.513089828,4,18.11340093,1.950535291,4,,,,,,,0.281838293,0.039443254,4,0.276057786,0.055624366,4,,,,,,,59,1,,,,,,,,,,,,,,,0.375321371,0.005220499,-0.096708574,0.005621005,-0.105918914,0.01062566,,,-0.414465317,0.004999657,,,-0.020723264,0.015046593
60,3,Jialin Hu,2021,mSphere,3,America,North America,-88.821,35.633,Temperate,15.3151,1364.618,1.44,Silt loam,21.34127,65.65873,13,Medium,10.5629,1.566877,Acid,5.6,Non-legume,others,Upland,Conventional,Inorganic,Low,67,Incorporated,10,,>5yr,37,10,,,,,,,,,,,,,,,,,,,,,,,,,,,,,,,,,,,,,,,,,,,0.229086765,0.028200568,4,0.261216135,0.019770456,4,48.19477976,6.407114206,4,52.48074602,8.269514454,4,9.057326009,1.038826128,4,8.317637711,0.803381096,4,29.30893245,2.686630942,4,22.33572223,2.405214494,4,,,,,,,0.231206479,0.032357334,4,0.158124804,0.031861416,4,,,,,,,60,1,,,,,,,,,,,,,,,0.13124735,0.005220499,-0.085195648,0.005621005,0.085195648,0.01062566,,,-0.271705041,0.004999657,,,-0.37992654,0.015046593
61,3,Jialin Hu,2021,mSphere,3,America,North America,-88.821,35.633,Temperate,10.24645,944.4952,1.43,Silt loam,9.363187,67.636813,23,High,17.07004,1.9087,Acid,6.2,Non-legume,others,Upland,Conventional,Inorganic,Low,0,Incorporated,10,,>5yr,37,11,,,,,,,,,,,,,,,,,,,,,,,,,,,,,,,,,,,,,,,,,,,0.350751874,0.043177536,4,0.338844156,0.025645826,4,45.6036916,6.062649559,4,41.49540426,6.538528343,4,9.931160484,1.139050199,4,15.7761127,1.523777681,4,9.141132415,0.837930526,4,11.40249788,1.227874025,4,,,,,,,0.046665938,0.006530895,4,0.106414302,0.021441989,4,,,,,,,61,1,,,,,,,,,,,,,,,-0.034538777,0.005220499,0.462819604,0.005621005,-0.094405989,0.01062566,,,0.221048169,0.004999657,,,0.824325466,0.015046592
62,3,Jialin Hu,2021,mSphere,3,America,North America,-88.821,35.633,Temperate,10.24645,944.4952,1.43,Silt loam,9.363187,67.636813,23,High,17.07004,1.9087,Acid,6.2,Non-legume,others,Upland,Conventional,Inorganic,Low,67,Incorporated,10,,>5yr,37,11,,,,,,,,,,,,,,,,,,,,,,,,,,,,,,,,,,,,,,,,,,,0.366437575,0.045108445,4,0.374110588,0.028315008,4,86.69618758,11.5255714,4,80.72350302,12.71979203,4,13.55189412,1.554328693,4,14.72312502,1.422072074,4,15.48816619,1.419737365,4,16.943378,1.824541779,4,,,,,,,0.056234133,0.007869964,4,0.038370725,0.007731523,4,,,,,,,62,1,,,,,,,,,,,,,,,0.020723264,0.005220499,0.082893063,0.005621005,-0.071380138,0.01062566,,,0.089800818,0.004999657,,,-0.382229122,0.015046592
63,4,Zonghui Hu ,2023,plants,4,Chi,Asia,117.1,39.21,Cold,13.5,532.5,1.43,Silt loam,9.363187,67.636813,23,High,17.07004,1.9087,Acid,6.2,Non-legume,maize,Upland,Conventional,Inorganic,High,225,Incorporated,5,,<5,4,5,,,,,,,,,,,,,0.33,0.02,3,0.39,0,3,,,,,,,14.51,1.46,3,21.11,3.49,3,,,,,,,1.42,0.05,3,1.63,0.01,3,,,,,,,0.076348,0.026833,3,0.033426,0.012855,3,0.117758,0.038023,3,0.067891,0.020598,3,0.021856,0.003324,3,0.022068,0.013421,3,4.566267,3.563647,3,1.794492,0.870235,3,4.566267,3.563647,3,1.794492,0.870235,3,,,,,,,63,1,,,,,0.167054085,0.001224365,,,,,0.374908795,0.012485541,0.137923143,0.000425824,,,-0.550728193,0.065436337,-0.825967796,0.090474702,-0.219669038,0.098447923,0.009653112,0.130998583,-0.933974049,0.281414586,-0.933974049,0.281414586
64,4,Zonghui Hu ,2023,plants,4,Chi,Asia,117.1,39.21,Cold,13.5,532.5,1.21,Loam,42.8418,36.1582,21,High,21.12307,6.768737,Acid,5.4,Non-legume,maize,Upland,Conventional,Inorganic,High,225,Incorporated,15,,<5yr,4,5,,,,,,,,,,,,,0.34,0.01,3,0.36,0.01,3,,,,,,,6.83,1.16,3,16.17,0.42,3,,,,,,,1.2,0.02,3,1.42,0.01,3,,,,,,,,,,,,,,,,,,,,,,,,,,,,,,,,,,,,,,,,,,,64,1,,,,,0.057158414,0.000545552,,,,,0.861833,0.009839973,0.168335315,0.000109124,,,,,,,,,,,,,,
65,4,Zonghui Hu ,2023,plants,4,Chi,Asia,117.1,39.21,Cold,13.5,532.5,1.21,Loam,42.8418,36.1582,21,High,21.12307,6.768737,Acid,5.4,Non-legume,maize,Upland,Conventional,Inorganic,High,225,Incorporated,25,,<5yr,4,5,,,,,,,,,,,,,0.33,0.01,3,0.37,0.01,3,,,,,,,5.83,1.12,3,6.02,1.64,3,,,,,,,1.02,0.03,3,1.03,0.04,3,,,,,,,0.955869,0.598919,3,0.015037,0.007404,3,0.077243,0.015888,3,0.051419,0.014395,3,0.0113,0.001058,3,0.011912,0.006487,3,0.955869,0.598919,3,0.644091,0.166994,3,0.955869,0.598919,3,0.644091,0.166994,3,,,,,,,65,1,,,,,0.114410351,0.000549578,,,,,0.032070259,0.037040561,0.009756175,0.000791068,,,-0.406948543,0.040227504,-4.152107044,0.211677869,0.649832422,0.182738071,0.05274357,0.101776753,-0.394780854,0.153270511,-0.394780854,0.153270511
66,4,Zonghui Hu ,2023,plants,4,Chi,Asia,117.1,39.21,Cold,13.5,532.5,1.21,Loam,42.8418,36.1582,21,High,21.12307,6.768737,Acid,5.4,Non-legume,maize,Upland,Conventional,Inorganic,High,225,Incorporated,35,,<5yr,4,5,,,,,,,,,,,,,0.33,0.01,3,0.36,0.01,3,,,,,,,4.85,0.49,3,5.98,1.01,3,,,,,,,0.57,0,3,0.89,0.04,3,,,,,,,,,,,,,,,,,,,,,,,,,,,,,,,,,,,,,,,,,,,66,1,,,,,0.087011377,0.000563293,,,,,0.209441863,0.012911072,0.445585102,0.000673316,,,,,,,,,,,,,,
67,4,Zonghui Hu ,2023,plants,4,Chi,Asia,117.1,39.21,Cold,13.5,532.5,1.21,Loam,42.8418,36.1582,21,High,21.12307,6.768737,Acid,5.4,Non-legume,maize,Upland,Conventional,Inorganic,High,225,Incorporated,45,,<5yr,4,5,,,,,,,,,,,,,0.3,0,3,0.34,0.01,3,,,,,,,6.18,1,3,6.68,1.28,3,,,,,,,0.78,0.05,3,1.03,0.02,3,,,,,,,,,,,,,,,,,,,,,,,,,,,,,,,,,,,,,,,,,,,67,1,,,,,0.125163143,0.000288351,,,,,0.077799716,0.020966735,0.278020162,0.001495392,,,,,,,,,,,,,,
68,4,Zonghui Hu ,2023,plants,4,Chi,Asia,117.1,39.21,Cold,13.5,532.5,1.21,Loam,42.8418,36.1582,21,High,21.12307,6.768737,Acid,5.4,Non-legume,maize,Upland,Conventional,Inorganic,High,225,Incorporated,55,,<5yr,4,5,,,,,,,,,,,,,0.3,0,3,0.31,0.01,3,,,,,,,7.84,1.52,3,7.2,1.02,3,,,,,,,1.03,0.02,3,1.14,0.02,3,,,,,,,0.00888,0.005055,3,0.015174,0.006287,3,0.031579,0.01449,3,0.043995,0.005916,3,0.002671,0.001507,3,0.011618,0.00988,3,0.484371,0.110531,3,0.40126,0.100005,3,0.484371,0.110531,3,0.40126,0.100005,3,,,,,,,68,1,,,,,0.032789823,0.000346861,,,,,-0.085157808,0.019219316,0.10146946,0.000228275,,,0.331583648,0.076208252,0.53578188,0.165240078,0.392079324,0.663862317,1.470102685,0.347172913,-0.188241546,0.038062411,-0.188241546,0.038062411
69,4,Zonghui Hu ,2023,plants,4,Chi,Asia,117.1,39.21,Cold,13.5,532.5,1.21,Loam,42.8418,36.1582,21,High,21.12307,6.768737,Acid,5.4,Non-legume,maize,Upland,Conventional,Inorganic,High,225,Incorporated,65,,<5yr,4,5,,,,,,,,,,,,,0.29,0,3,0.29,0.01,3,,,,,,,7.6,1.09,3,7.89,1.64,3,,,,,,,0.98,0.03,3,1.11,0.05,3,,,,,,,,,,,,,,,,,,,,,,,,,,,,,,,,,,,,,,,,,,,69,1,,,,,0,0.000396354,,,,,0.037447888,0.021258189,0.124562723,0.000988722,,,,,,,,,,,,,,
70,4,Zonghui Hu ,2023,plants,4,Chi,Asia,117.1,39.21,Cold,13.5,532.5,1.21,Loam,42.8418,36.1582,21,High,21.12307,6.768737,Acid,5.4,Non-legume,maize,Upland,Conventional,Inorganic,High,225,Incorporated,75,,<5yr,4,5,,,,,,,,,,,,,0.26,0.01,3,0.27,0.01,3,,,,,,,8.77,0.31,3,7.91,0.24,3,,,,,,,1.04,0.01,3,1.2,0.05,3,,,,,,,,,,,,,,,,,,,,,,,,,,,,,,,,,,,,,,,,,,,70,1,,,,,0.037740328,0.000950344,,,,,-0.103209025,0.000723354,0.143100844,0.000609522,,,,,,,,,,,,,,
71,4,Zonghui Hu ,2023,plants,4,Chi,Asia,117.1,39.21,Cold,13.5,532.5,1.21,Loam,42.8418,36.1582,21,High,21.12307,6.768737,Acid,5.4,Non-legume,maize,Upland,Conventional,Inorganic,High,225,Incorporated,85,,<5yr,4,5,,,,,,,,,,,,,0.23,0,3,0.26,0.01,3,,,,,,,8.27,0.36,3,6.5,1,3,,,,,,,1.06,0.03,3,1.17,0.02,3,,,,,,,,,,,,,,,,,,,,,,,,,,,,,,,,,,,,,,,,,,,71,1,,,,,0.122602322,0.000493097,,,,,-0.240832332,0.008521191,0.098734841,0.000364401,,,,,,,,,,,,,,
72,4,Zonghui Hu ,2023,plants,4,Chi,Asia,117.1,39.21,Cold,13.5,532.5,1.21,Loam,42.8418,36.1582,21,High,21.12307,6.768737,Acid,5.4,Non-legume,maize,Upland,Conventional,Inorganic,High,225,Incorporated,95,,<5yr,4,5,,,,,,,,,,,,,0.24,0.01,3,0.29,0.01,3,,,,,,,9.14,0.28,3,5.25,0.85,3,,,,,,,1.07,0.02,3,1.07,0.04,3,,,,,,,0.010699,0.007248,3,0.017829,0.0052,3,0.031988,0.031354,3,0.02058,0.005089,3,0.00343,0.001396,3,0.001966,0.001119,3,0.517157,0.171947,3,0.482249,0.030879,3,0.517157,0.171947,3,0.482449,0.030879,3,,,,,,,72,1,,,,,0.189242,0.000975057,,,,,-0.554432309,0.009050543,0,0.000582292,,,-0.441041102,0.340633275,0.510676066,0.181333034,-0.487662649,0.258098476,-0.556559239,0.163202646,-0.069885925,0.038215448,-0.069471288,0.038214315
73,4,Zonghui Hu ,2023,plants,4,Chi,Asia,117.1,39.21,Cold,13.5,532.5,1.21,Loam,42.8418,36.1582,21,High,21.12307,6.768737,Acid,5.4,Non-legume,maize,Upland,Conventional,Inorganic,High,225,Incorporated,110,,<5yr,4,5,,,,,,,,,,,,,0.23,0.01,3,0.25,0.01,3,,,,,,,7.82,0.53,3,5.37,0.9,3,,,,,,,1.04,0,3,1.11,0.08,3,,,,,,,,,,,,,,,,,,,,,,,,,,,,,,,,,,,,,,,,,,,73,1,,,,,0.083381609,0.001163453,,,,,-0.375856646,0.010894151,0.065139302,0.001731461,,,,,,,,,,,,,,
74,4,Zonghui Hu ,2023,plants,4,Chi,Asia,117.1,39.21,Cold,13.5,532.5,1.21,Loam,42.8418,36.1582,21,High,21.12307,6.768737,Acid,5.4,Non-legume,maize,Upland,Conventional,Inorganic,High,225,Incorporated,130,,<5yr,4,5,,,,,,,,,,,,,0.16,0,3,0.25,0.01,3,,,,,,,6.45,0.79,3,6.39,0.4,3,,,,,,,1.04,0.02,3,1.1,0.05,3,,,,,,,0.010284,0.005913,3,0.009204,0.003188,3,0.01536,0.010431,3,0.007362,0.002947,3,0.003628,0.003323,3,0.000948,0.000452,3,0.443813,0.003045,3,0.487125,0.039377,3,0.443813,0.003045,3,0.487125,0.039377,3,,,,,,,74,1,,,,,0.446287103,0.000533333,,,,,-0.009345862,0.006306663,0.056089467,0.000811979,,,-0.735435093,0.207139362,-0.110951117,0.150188141,-1.151960839,0.314500728,-1.342082309,0.355420859,0.093117461,0.002193818,0.093117461,0.002193818
75,4,Zonghui Hu ,2023,plants,4,Chi,Asia,117.1,39.21,Cold,13.5,532.5,1.21,Loam,42.8418,36.1582,21,High,21.12307,6.768737,Acid,5.4,Non-legume,maize,Upland,Conventional,Inorganic,High,225,Incorporated,150,,<5yr,4,5,,,,,,,,,,,,,0.18,0.01,3,0.19,0.01,3,,,,,,,5.63,0.51,3,4.14,0.13,3,,,,,,,0.78,0.01,3,0.78,0.03,3,,,,,,,,,,,,,,,,,,,,,,,,,,,,,,,,,,,,,,,,,,,75,1,,,,,0.054067221,0.001952168,,,,,-0.307413654,0.003063957,0,0.000547885,,,,,,,,,,,,,,
76,4,Zonghui Hu ,2023,plants,4,Chi,Asia,117.1,39.21,Cold,13.5,532.5,1.21,Loam,42.8418,36.1582,21,High,21.12307,6.768737,Acid,5.4,Non-legume,maize,Upland,Conventional,Inorganic,High,225,Incorporated,170,,<5yr,4,5,,,,,,,,,,,,,0.2,0.03,3,0.19,0.01,3,,,,,,,3.91,0.35,3,3.15,0.12,3,,,,,,,0.85,0.03,3,0.98,0.05,3,,,,,,,,,,,,,,,,,,,,,,,,,,,,,,,,,,,,,,,,,,,76,1,,,,,-0.051293294,0.008423361,,,,,-0.216134921,0.003154672,0.142316222,0.001282919,,,,,,,,,,,,,,
77,4,Zonghui Hu ,2023,plants,4,Chi,Asia,117.1,39.21,Cold,13.5,532.5,1.21,Loam,42.8418,36.1582,21,High,21.12307,6.768737,Acid,5.4,Non-legume,maize,Upland,Conventional,Inorganic,High,225,Incorporated,190,,<5yr,4,5,,,,,,,,,,,,,0.22,0.04,3,0.24,0.01,3,,,,,,,3.48,0.23,3,2.74,0.14,3,,,,,,,0.82,0.01,3,1.05,0.06,3,,,,,,,0.007117,0.001333,3,0.008358,0.003807,3,0.013765,0.004706,3,0.006625,0.00114,3,0.001802,0.000127,3,0.001314,0.00039,3,0.468786,0.046545,3,0.569267,0.04898,3,0.468786,0.046545,3,0.569267,0.04898,3,,,,,,,77,1,,,,,0.087011377,0.011597987,,,,,-0.239074373,0.002326278,0.247241103,0.001138009,,,-0.731278767,0.048830995,0.160732876,0.080851092,0.258827112,0.253459928,-0.315821239,0.031019817,0.194203194,0.005753715,0.194203194,0.005753715
78,4,Zonghui Hu ,2023,plants,4,Chi,Asia,117.1,39.21,Cold,13.5,532.5,1.21,Loam,42.8418,36.1582,21,High,21.12307,6.768737,Acid,5.4,Non-legume,maize,Upland,Conventional,Inorganic,High,225,Incorporated,5,,<5yr,4,5,,,,,,,,,,,,,0.33,0.02,3,0.42,0.01,3,,,,,,,14.51,1.46,3,15.69,1.71,3,,,,,,,1.42,0.05,3,1.64,0.03,3,,,,,,,0.076348,0.026833,3,0.032402,0.011395,3,0.117758,0.038023,3,0.051535,0.02839,3,0.021856,0.003324,3,0.026464,0.000265,3,4.566267,3.563647,3,2.294648,1.31114,3,4.566267,3.563647,3,2.294648,1.31114,3,,,,,,,78,1,,,,,0.241162057,0.001413329,,,,,0.0781855,0.007334173,0.14403937,0.000524819,,,-0.826370483,0.135911972,-0.857081687,0.082399183,-0.321088343,0.01588758,0.191309835,0.007743513,-0.688116567,0.311852143,-0.688116567,0.311852143
79,4,Zonghui Hu ,2023,plants,4,Chi,Asia,117.1,39.21,Cold,13.5,532.5,1.21,Loam,42.8418,36.1582,21,High,21.12307,6.768737,Acid,5.4,Non-legume,maize,Upland,Conventional,Inorganic,High,225,Incorporated,15,,<5yr,4,5,,,,,,,,,,,,,0.34,0.01,3,0.4,0,3,,,,,,,6.83,1.16,3,10.54,0.66,3,,,,,,,1.2,0.02,3,1.31,0.01,3,,,,,,,,,,,,,,,,,,,,,,,,,,,,,,,,,,,,,,,,,,,79,1,,,,,0.162518929,0.000288351,,,,,0.43385287,0.010922119,0.08770558,0.000112016,,,,,,,,,,,,,,
80,4,Zonghui Hu ,2023,plants,4,Chi,Asia,117.1,39.21,Cold,13.5,532.5,1.21,Loam,42.8418,36.1582,21,High,21.12307,6.768737,Acid,5.4,Non-legume,maize,Upland,Conventional,Inorganic,High,225,Incorporated,25,,<5yr,4,5,,,,,,,,,,,,,0.33,0.01,3,0.39,0,3,,,,,,,5.83,1.12,3,6.33,1.31,3,,,,,,,1.02,0.03,3,1.05,0.03,3,,,,,,,0.955869,0.598919,3,0.025878,0.006838,3,0.077243,0.015888,3,0.063776,0.009138,3,0.0113,0.001058,3,0.019527,0.000943,3,0.955869,0.598919,3,1.01187,0.42238,3,0.955869,0.598919,3,1.01187,0.42238,3,,,,,,,80,1,,,,,0.167054085,0.000306091,,,,,0.082283236,0.026578298,0.028987537,0.000560459,,,-0.191579353,0.020945907,-3.609227687,0.154137633,0.698228019,0.063946947,0.546995398,0.003699463,0.056934509,0.188944648,0.056934509,0.188944648
81,4,Zonghui Hu ,2023,plants,4,Chi,Asia,117.1,39.21,Cold,13.5,532.5,1.21,Loam,42.8418,36.1582,21,High,21.12307,6.768737,Acid,5.4,Non-legume,maize,Upland,Conventional,Inorganic,High,225,Incorporated,35,,<5yr,4,5,,,,,,,,,,,,,0.33,0.01,3,0.39,0.01,3,,,,,,,4.85,0.49,3,5.15,0.55,3,,,,,,,0.57,0,3,0.88,0.04,3,,,,,,,,,,,,,,,,,,,,,,,,,,,,,,,,,,,,,,,,,,,81,1,,,,,0.167054085,0.000525245,,,,,0.06001801,0.00720422,0.434285547,0.000688705,,,,,,,,,,,,,,
82,4,Zonghui Hu ,2023,plants,4,Chi,Asia,117.1,39.21,Cold,13.5,532.5,1.21,Loam,42.8418,36.1582,21,High,21.12307,6.768737,Acid,5.4,Non-legume,maize,Upland,Conventional,Inorganic,High,225,Incorporated,45,,<5yr,4,5,,,,,,,,,,,,,0.3,0,3,0.4,0.01,3,,,,,,,6.18,1,3,4.74,0.4,3,,,,,,,0.78,0.05,3,1.07,0,3,,,,,,,,,,,,,,,,,,,,,,,,,,,,,,,,,,,,,,,,,,,82,1,,,,,0.287682072,0.000208333,,,,,-0.265281136,0.011101529,0.316120008,0.001369713,,,,,,,,,,,,,,
83,4,Zonghui Hu ,2023,plants,4,Chi,Asia,117.1,39.21,Cold,13.5,532.5,1.21,Loam,42.8418,36.1582,21,High,21.12307,6.768737,Acid,5.4,Non-legume,maize,Upland,Conventional,Inorganic,High,225,Incorporated,55,,<5yr,4,5,,,,,,,,,,,,,0.3,0,3,0.36,0.01,3,,,,,,,7.84,1.52,3,6.04,0.29,3,,,,,,,1.03,0.02,3,1.12,0.04,3,,,,,,,0.00888,0.005055,3,0.013706,0.002724,3,0.031579,0.01449,3,0.033897,0.009821,3,0.002671,0.001507,3,0.004256,0.001059,3,0.484371,0.110531,3,0.423383,0.052917,3,0.40126,0.100005,3,0.423383,0.052917,3,,,,,,,83,1,,,,,0.182321557,0.000257202,,,,,-0.260834822,0.013297925,0.083769883,0.00055085,,,0.070834172,0.098162158,0.434032136,0.121184287,-0.085283201,0.196070709,0.465876818,0.126748275,-0.134573935,0.022564817,0.05366761,0.025911948
84,4,Zonghui Hu ,2023,plants,4,Chi,Asia,117.1,39.21,Cold,13.5,532.5,1.21,Loam,42.8418,36.1582,21,High,21.12307,6.768737,Acid,5.4,Non-legume,maize,Upland,Conventional,Inorganic,High,225,Incorporated,65,,<5yr,4,5,,,,,,,,,,,,,0.29,0,3,0.35,0.01,3,,,,,,,7.6,1.09,3,5.6,0.74,3,,,,,,,0.98,0.03,3,1.15,0.05,3,,,,,,,,,,,,,,,,,,,,,,,,,,,,,,,,,,,,,,,,,,,84,1,,,,,0.188052232,0.000272109,,,,,-0.30538165,0.012677111,0.15996465,0.00094249,,,,,,,,,,,,,,
85,4,Zonghui Hu ,2023,plants,4,Chi,Asia,117.1,39.21,Cold,13.5,532.5,1.21,Loam,42.8418,36.1582,21,High,21.12307,6.768737,Acid,5.4,Non-legume,maize,Upland,Conventional,Inorganic,High,225,Incorporated,75,,<5yr,4,5,,,,,,,,,,,,,0.26,0.01,3,0.34,0.01,3,,,,,,,8.77,0.31,3,5.1,0.07,3,,,,,,,1.04,0.01,3,1.17,0.01,3,,,,,,,,,,,,,,,,,,,,,,,,,,,,,,,,,,,,,,,,,,,85,1,,,,,0.268263987,0.000781447,,,,,-0.542096267,0.000479285,0.117783036,5.52E-05,,,,,,,,,,,,,,
86,4,Zonghui Hu ,2023,plants,4,Chi,Asia,117.1,39.21,Cold,13.5,532.5,1.21,Loam,42.8418,36.1582,21,High,21.12307,6.768737,Acid,5.4,Non-legume,maize,Upland,Conventional,Inorganic,High,225,Incorporated,85,,<5yr,4,5,,,,,,,,,,,,,0.23,0,3,0.33,0,3,,,,,,,8.27,0.36,3,5.66,0.3,3,,,,,,,1.06,0.03,3,1.14,0.01,3,,,,,,,,,,,,,,,,,,,,,,,,,,,,,,,,,,,,,,,,,,,86,1,,,,,0.361013346,0,,,,,-0.379210617,0.001568103,0.072759354,0.000292648,,,,,,,,,,,,,,
87,4,Zonghui Hu ,2023,plants,4,Chi,Asia,117.1,39.21,Cold,13.5,532.5,1.21,Loam,42.8418,36.1582,21,High,21.12307,6.768737,Acid,5.4,Non-legume,maize,Upland,Conventional,Inorganic,High,225,Incorporated,95,,<5yr,4,5,,,,,,,,,,,,,0.24,0.01,3,0.29,0.01,3,,,,,,,9.14,0.28,3,6.74,1.44,3,,,,,,,1.07,0.02,3,1.1,0.03,3,,,,,,,0.010699,0.007248,3,0.010258,0.003058,3,0.031988,0.031354,3,0.013696,0.003712,3,0.00343,0.001396,3,0.003187,0.002356,3,0.517157,0.171947,3,0.559911,0.116193,3,0.517157,0.171947,3,0.559911,0.116193,3,,,,,,,87,1,,,,,0.189242,0.000975057,,,,,-0.304600461,0.015528245,0.027651531,0.000364392,,,-0.848257013,0.344736387,-0.04209239,0.182600867,0.040568477,0.773826311,-0.073480226,0.237380648,0.079431339,0.051203699,0.079431339,0.051203699
88,4,Zonghui Hu ,2023,plants,4,Chi,Asia,117.1,39.21,Cold,13.5,532.5,1.45,Sandy Loam,53.37369,26.62631,20,Medium,12.36354,1.558646,Neutral,6.5,Non-legume,maize,Upland,Conventional,Inorganic,High,225,Incorporated,110,,<5yr,4,5,,,,,,,,,,,,,0.23,0.01,3,0.3,0.01,3,,,,,,,7.82,0.53,3,4.77,0.06,3,,,,,,,1.04,0,3,1.1,0.02,3,,,,,,,,,,,,,,,,,,,,,,,,,,,,,,,,,,,,,,,,,,,88,1,,,,,0.265703166,0.00100049,,,,,-0.49433825,0.001583888,0.056089467,0.000110193,,,,,,,,,,,,,,
89,4,Zonghui Hu ,2023,plants,4,Chi,Asia,117.1,39.21,Cold,13.5,532.5,1.45,Sandy Loam,53.37369,26.62631,20,Medium,12.36354,1.558646,Neutral,6.5,Non-legume,maize,Upland,Conventional,Inorganic,High,225,Incorporated,130,,<5yr,4,5,,,,,,,,,,,,,0.16,0,3,0.28,0,3,,,,,,,6.45,0.79,3,3.87,0.4,3,,,,,,,1.04,0.02,3,0.74,0.03,3,,,,,,,0.010284,0.005913,3,0.007009,0.0034,3,0.01536,0.010431,3,0.012483,0.004086,3,0.003628,0.003323,3,0.005377,0.004287,3,0.443813,0.003045,3,0.390339,0.097088,3,0.443813,0.003045,3,0.390339,0.097088,3,,,,,,,89,1,,,,,0.559615788,0,,,,,-0.510825624,0.00856154,-0.340325806,0.000671119,,,-0.207399009,0.189440231,-0.383394252,0.188634781,-0.803433071,0.399833073,0.393449066,0.491531239,-0.12838771,0.020637462,-0.12838771,0.020637462
90,4,Zonghui Hu ,2023,plants,4,Chi,Asia,117.1,39.21,Cold,13.5,532.5,1.45,Sandy Loam,53.37369,26.62631,20,Medium,12.36354,1.558646,Neutral,6.5,Non-legume,maize,Upland,Conventional,Inorganic,High,225,Incorporated,150,,<5yr,4,5,,,,,,,,,,,,,0.18,0.01,3,0.2,0.01,3,,,,,,,5.63,0.51,3,5.93,1.87,3,,,,,,,0.78,0.01,3,0.86,0.01,3,,,,,,,,,,,,,,,,,,,,,,,,,,,,,,,,,,,,,,,,,,,90,1,,,,,0.105360516,0.00186214,,,,,0.051914771,0.03588292,0.09763847,9.99E-05,,,,,,,,,,,,,,
91,4,Zonghui Hu ,2023,plants,4,Chi,Asia,117.1,39.21,Cold,13.5,532.5,1.45,Sandy Loam,53.37369,26.62631,20,Medium,12.36354,1.558646,Neutral,6.5,Non-legume,maize,Upland,Conventional,Inorganic,High,225,Incorporated,170,,<5yr,4,5,,,,,,,,,,,,,0.2,0.03,3,0.22,0.02,3,,,,,,,3.91,0.35,3,4.96,1.51,3,,,,,,,0.85,0.03,3,0.91,0.04,3,,,,,,,,,,,,,,,,,,,,,,,,,,,,,,,,,,,,,,,,,,,91,1,,,,,0.09531018,0.010254821,,,,,0.237868367,0.033564577,0.06820825,0.00105927,,,,,,,,,,,,,,
92,4,Zonghui Hu ,2023,plants,4,Chi,Asia,117.1,39.21,Cold,13.5,532.5,1.45,Sandy Loam,53.37369,26.62631,20,Medium,12.36354,1.558646,Neutral,6.5,Non-legume,maize,Upland,Conventional,Inorganic,High,225,Incorporated,190,,<5yr,4,5,,,,,,,,,,,,,0.22,0.04,3,0.25,0.03,3,,,,,,,3.48,0.23,3,3.53,0.39,3,,,,,,,0.82,0.01,3,0.99,0.03,3,,,,,,,0.007117,0.001333,3,0.011328,0.008483,3,0.013765,0.004706,3,0.00697,0.001857,3,0.001802,0.000127,3,0.001226,0.000274,3,0.468786,0.046545,3,0.508399,0.126247,3,0.468786,0.046545,3,0.508399,0.126247,3,,,,,,,92,1,,,,,0.127833372,0.015819284,,,,,0.014265577,0.005524776,0.188400603,0.000355665,,,-0.680513914,0.062622218,0.464791249,0.198620156,-0.135050508,0.133873895,-0.385140322,0.018305094,0.081120198,0.023840778,0.081120198,0.023840778
93,4,Zonghui Hu ,2023,plants,4,Chi,Asia,117.1,39.21,Cold,13.5,532.5,1.45,Sandy Loam,53.37369,26.62631,20,Medium,12.36354,1.558646,Neutral,6.5,Legume,maize,Upland,Conventional,Inorganic,High,225,Incorporated,5,,<5yr,4,5,,,,,,,,,,,,,0.33,0.02,3,0.32,0.02,3,,,,,,,14.51,1.46,3,27.66,1.92,3,,,,,,,1.42,0.05,3,1.52,0.04,3,,,,,,,0.076348,0.026833,3,0.051233,0.00543,3,0.117758,0.038023,3,0.054439,0.016137,3,0.021856,0.003324,3,0.025794,0.013253,3,4.566267,3.563647,3,2.694243,2.012945,3,4.566267,3.563647,3,2.694243,2.012945,3,,,,,,,93,1,,,,,-0.030771659,0.002526448,,,,,0.645149259,0.004980928,0.068053463,0.000644118,,,-0.771550862,0.064041837,-0.39891798,0.044918258,-0.090173676,0.009726887,0.165666423,0.095707471,-0.527578748,0.389089983,-0.527578748,0.389089983
94,4,Zonghui Hu ,2023,plants,4,Chi,Asia,117.1,39.21,Cold,13.5,532.5,1.5,Sandy Clay Loam,52.73182,25.26818,22,Low,6.177339,1.482058,Neutral,6.7,Legume,maize,Upland,Conventional,Inorganic,High,225,Incorporated,15,,<5yr,4,5,,,,,,,,,,,,,0.34,0.01,3,0.37,0.02,3,,,,,,,6.83,1.16,3,10.79,0.26,3,,,,,,,1.2,0.02,3,1.16,0.05,3,,,,,,,,,,,,,,,,,,,,,,,,,,,,,,,,,,,,,,,,,,,94,1,,,,,0.084557388,0.001262298,,,,,0.457295106,0.009808634,-0.033901552,0.000711895,,,,,,,,,,,,,,
95,4,Zonghui Hu ,2023,plants,4,Chi,Asia,117.1,39.21,Cold,13.5,532.5,1.5,Sandy Clay Loam,52.73182,25.26818,22,Low,6.177339,1.482058,Neutral,6.7,Legume,maize,Upland,Conventional,Inorganic,High,225,Incorporated,25,,<5yr,4,5,,,,,,,,,,,,,0.33,0.01,3,0.33,0.01,3,,,,,,,5.83,1.12,3,6.8,0.53,3,,,,,,,1.02,0.03,3,1.21,0.01,3,,,,,,,0.955869,0.598919,3,0.030906,0.007569,3,0.077243,0.015888,3,0.039895,0.006673,3,0.0113,0.001058,3,0.009304,0.003186,3,0.955869,0.598919,3,0.930769,0.840097,3,0.955869,0.598919,3,0.930769,0.840097,3,,,,,,,95,1,,,,,0,0.000612182,,,,,0.153905612,0.014326998,0.170817732,0.000311118,,,-0.660705294,0.023428348,-3.431670535,0.150856032,0.588762659,0.332562512,-0.194358311,0.042008956,-0.026609748,0.402415884,-0.026609748,0.402415884
96,4,Zonghui Hu ,2023,plants,4,Chi,Asia,117.1,39.21,Cold,13.5,532.5,1.5,Sandy Clay Loam,52.73182,25.26818,22,Low,6.177339,1.482058,Neutral,6.7,Legume,maize,Upland,Conventional,Inorganic,High,225,Incorporated,35,,<5yr,4,5,,,,,,,,,,,,,0.33,0.01,3,0.33,0.02,3,,,,,,,4.85,0.49,3,5.99,0.53,3,,,,,,,0.57,0,3,1.1,0.03,3,,,,,,,,,,,,,,,,,,,,,,,,,,,,,,,,,,,,,,,,,,,96,1,,,,,0,0.001530456,,,,,0.211112707,0.006012034,0.657429098,0.000247934,,,,,,,,,,,,,,
97,4,Zonghui Hu ,2023,plants,4,Chi,Asia,117.1,39.21,Cold,13.5,532.5,1.5,Sandy Clay Loam,52.73182,25.26818,22,Low,6.177339,1.482058,Neutral,6.7,Legume,maize,Upland,Conventional,Inorganic,High,225,Incorporated,45,,<5yr,4,5,,,,,,,,,,,,,0.3,0,3,0.33,0.02,3,,,,,,,6.18,1,3,7.29,0.63,3,,,,,,,0.78,0.05,3,1.12,0.05,3,,,,,,,,,,,,,,,,,,,,,,,,,,,,,,,,,,,,,,,,,,,97,1,,,,,0.09531018,0.001224365,,,,,0.165185275,0.011217198,0.361790045,0.002034041,,,,,,,,,,,,,,
98,4,Zonghui Hu ,2023,plants,4,Chi,Asia,117.1,39.21,Cold,13.5,532.5,1.21,Loam,42.8418,36.1582,21,High,21.12307,6.768737,Acid,5.4,Legume,maize,Upland,Conventional,Inorganic,High,225,Incorporated,55,,<5yr,4,5,,,,,,,,,,,,,0.3,0,3,0.31,0.02,3,,,,,,,7.84,1.52,3,7.61,0.8,3,,,,,,,1.03,0.02,3,1.32,0.08,3,,,,,,,0.00888,0.005055,3,0.021812,0.010144,3,0.031579,0.01449,3,0.03873,0.001251,3,0.002671,0.001507,3,0.010554,0.003048,3,0.484371,0.110531,3,0.554498,0.342966,3,0.40126,0.100005,3,0.554498,0.342966,3,,,,,,,98,1,,,,,0.032789823,0.001387444,,,,,-0.029775662,0.016213245,0.248072934,0.001350044,,,0.204122151,0.070528649,0.89865872,0.180112935,0.20021372,0.210812359,1.374052001,0.133912184,0.135212058,0.144878406,0.323453604,0.148225538
99,4,Zonghui Hu ,2023,plants,4,Chi,Asia,117.1,39.21,Cold,13.5,532.5,1.21,Loam,42.8418,36.1582,21,High,21.12307,6.768737,Acid,5.4,Legume,maize,Upland,Conventional,Inorganic,High,225,Incorporated,65,,<5yr,4,5,,,,,,,,,,,,,0.29,0,3,0.25,0,3,,,,,,,7.6,1.09,3,9.46,1.12,3,,,,,,,0.98,0.03,3,1.18,0.03,3,,,,,,,,,,,,,,,,,,,,,,,,,,,,,,,,,,,,,,,,,,,99,1,,,,,-0.148420005,0,,,,,0.218924136,0.011528852,0.185717146,0.000527825,,,,,,,,,,,,,,
100,4,Zonghui Hu ,2023,plants,4,Chi,Asia,117.1,39.21,Cold,13.5,532.5,1.21,Loam,42.8418,36.1582,21,High,21.12307,6.768737,Acid,5.4,Legume,maize,Upland,Conventional,Inorganic,High,225,Incorporated,75,,<5yr,4,5,,,,,,,,,,,,,0.26,0.01,3,0.29,0.01,3,,,,,,,8.77,0.31,3,7.3,0.59,3,,,,,,,1.04,0.01,3,1.14,0.03,3,,,,,,,,,,,,,,,,,,,,,,,,,,,,,,,,,,,,,,,,,,,100,1,,,,,0.109199292,0.00088945,,,,,-0.183462458,0.002593883,0.091807549,0.000261659,,,,,,,,,,,,,,
101,4,Zonghui Hu ,2023,plants,4,Chi,Asia,117.1,39.21,Cold,13.5,532.5,1.21,Loam,42.8418,36.1582,21,High,21.12307,6.768737,Acid,5.4,Legume,maize,Upland,Conventional,Inorganic,High,225,Incorporated,85,,<5yr,4,5,,,,,,,,,,,,,0.23,0,3,0.24,0,3,,,,,,,8.27,0.36,3,7.07,1,3,,,,,,,1.06,0.03,3,1.13,0.01,3,,,,,,,,,,,,,,,,,,,,,,,,,,,,,,,,,,,,,,,,,,,101,1,,,,,0.042559614,0,,,,,-0.156774029,0.007300325,0.063948725,0.000293104,,,,,,,,,,,,,,
102,4,Zonghui Hu ,2023,plants,4,Chi,Asia,117.1,39.21,Cold,13.5,532.5,1.21,Loam,42.8418,36.1582,21,High,21.12307,6.768737,Acid,5.4,Legume,maize,Upland,Conventional,Inorganic,High,225,Incorporated,95,,<5yr,4,5,,,,,,,,,,,,,0.24,0.01,3,0.28,0.01,3,,,,,,,9.14,0.28,3,6.94,0.68,3,,,,,,,1.07,0.02,3,1.13,0.03,3,,,,,,,0.010699,0.007248,3,0.013695,0.010983,3,0.031988,0.031354,3,0.018114,0.013753,3,0.00343,0.001396,3,0.00238,0.002093,3,0.517157,0.171947,3,0.314986,0.079846,3,0.517157,0.171947,3,0.314986,0.079846,3,,,,,,,102,1,,,,,0.15415068,0.001003874,,,,,-0.275358611,0.003513029,0.054558984,0.000351403,,,-0.568675713,0.512402986,0.246880524,0.367364023,-0.158506017,0.353048057,-0.365459773,0.313003893,-0.49581831,0.058267949,-0.49581831,0.058267949
103,4,Zonghui Hu ,2023,plants,4,Chi,Asia,117.1,39.21,Cold,13.5,532.5,1.21,Loam,42.8418,36.1582,21,High,21.12307,6.768737,Acid,5.4,Legume,maize,Upland,Conventional,Inorganic,High,225,Incorporated,110,,<5yr,4,5,,,,,,,,,,,,,0.23,0.01,3,0.23,0.01,3,,,,,,,7.82,0.53,3,6.62,0.5,3,,,,,,,1.04,0,3,0.96,0.02,3,,,,,,,,,,,,,,,,,,,,,,,,,,,,,,,,,,,,,,,,,,,103,1,,,,,0,0.001260239,,,,,-0.166589185,0.003432676,-0.080042708,0.000144676,,,,,,,,,,,,,,
104,4,Zonghui Hu ,2023,plants,4,Chi,Asia,117.1,39.21,Cold,13.5,532.5,1.21,Loam,42.8418,36.1582,21,High,21.12307,6.768737,Acid,5.4,Legume,maize,Upland,Conventional,Inorganic,High,225,Incorporated,130,,<5yr,4,5,,,,,,,,,,,,,0.16,0,3,0.27,0.01,3,,,,,,,6.45,0.79,3,5.04,0.21,3,,,,,,,1.04,0.02,3,1.21,0.18,3,,,,,,,0.010284,0.005913,3,0.00857,0.002833,3,0.01536,0.010431,3,0.011514,0.007262,3,0.003628,0.003323,3,0.002561,0.001,3,0.443813,0.003045,3,0.405941,0.25896,3,0.443813,0.003045,3,0.405941,0.25896,3,,,,,,,104,1,,,,,0.523248144,0.000457247,,,,,-0.246674049,0.005579204,0.151399646,0.007499819,,,-0.288203041,0.286324864,-0.182321557,0.146623048,-0.876519552,0.312897355,-0.348283725,0.330466508,-0.089195474,0.135665218,-0.089195474,0.135665218
105,4,Zonghui Hu ,2023,plants,4,Chi,Asia,117.1,39.21,Cold,13.5,532.5,1.21,Loam,42.8418,36.1582,21,High,21.12307,6.768737,Acid,5.4,Legume,maize,Upland,Conventional,Inorganic,High,225,Incorporated,150,,<5yr,4,5,,,,,,,,,,,,,0.18,0.01,3,0.19,0.02,3,,,,,,,5.63,0.51,3,4.38,0.16,3,,,,,,,0.78,0.01,3,0.65,0,3,,,,,,,,,,,,,,,,,,,,,,,,,,,,,,,,,,,,,,,,,,,105,1,,,,,0.054067221,0.004722251,,,,,-0.251060718,0.003180089,-0.182321557,5.48E-05,,,,,,,,,,,,,,
106,4,Zonghui Hu ,2023,plants,4,Chi,Asia,117.1,39.21,Cold,13.5,532.5,1.21,Loam,42.8418,36.1582,21,High,21.12307,6.768737,Acid,5.4,Legume,maize,Upland,Conventional,Inorganic,High,225,Incorporated,170,,<5yr,4,5,,,,,,,,,,,,,0.2,0.03,3,0.26,0.01,3,,,,,,,3.91,0.35,3,4.83,1.1,3,,,,,,,0.85,0.03,3,1.01,0.06,3,,,,,,,,,,,,,,,,,,,,,,,,,,,,,,,,,,,,,,,,,,,106,1,,,,,0.262364264,0.007993097,,,,,0.211309094,0.019959922,0.17246926,0.00159158,,,,,,,,,,,,,,
107,4,Zonghui Hu ,2023,plants,4,Chi,Asia,117.1,39.21,Cold,13.5,532.5,1.21,Loam,42.8418,36.1582,21,High,21.12307,6.768737,Acid,5.4,Legume,maize,Upland,Conventional,Inorganic,High,225,Incorporated,190,,<5yr,4,5,,,,,,,,,,,,,0.22,0.04,3,0.26,0.01,3,,,,,,,3.48,0.23,3,3.7,0.63,3,,,,,,,0.82,0.01,3,1.11,0.03,3,,,,,,,0.007117,0.001333,3,0.009047,0.006393,3,0.013765,0.004706,3,0.007126,0.001859,3,0.001802,0.000127,3,0.001237,0.00011,3,0.468786,0.046545,3,0.313049,0.10064,3,0.468786,0.046545,3,0.313049,0.10064,3,,,,,,,107,1,,,,,0.167054085,0.01151238,,,,,0.061300526,0.011120037,0.302810954,0.00029306,,,-0.658379071,0.061646377,0.239946923,0.178141666,-0.140758826,0.19734446,-0.376208066,0.004291555,-0.403786647,0.037736547,-0.403786647,0.037736547
108,5,kian Kim,2022,Frontiers in Microbiology |,5,America,North America,-90.727,40.93,Cold,10.6,914,1.21,Loam,42.8418,36.1582,21,High,21.12307,6.768737,Acid,5.4,Mixture,maize,Upland,Conventional,Inorganic,Low,0,Incorporated,5,,<5yr,2,4,,,,,,,,,,,,,,,,,,,,,,,,,,,,,,,,,,,,,,,,,,,234422.8815,28857.44356,3,275422.8703,20845.7096,3,69183.09709,9197.344741,3,89125.09381,14043.65043,3,4897788.194,561749.7195,3,3801893.963,367216.0105,3,1318256.739,120839.2475,3,1047128.548,1.02838E-07,3,134896.2883,11113.07513,3,190546.0718,22279.60555,3,398107.1706,55715.07683,3,301995.172,60850.62884,3,,,,,,,108,1,,,,,,,,,,,,,,,0.161180957,0.006960666,-0.25328436,0.007494673,0.25328436,0.014167547,,,-0.23025851,0.002800882,0.345387764,0.006819439,-0.276310211,0.020062124
109,5,kian Kim,2022,Frontiers in Microbiology |,5,America,North America,-90.727,40.93,Cold,10.6,914,1.21,Loam,42.8418,36.1582,21,High,21.12307,6.768737,Acid,5.4,Mixture,maize,Upland,Conventional,Inorganic,High,202,Incorporated,5,,<5yr,2,4,,,,,,,,,,,,,,,,,,,,,,,,,,,,,,,,,,,,,,,,,,,38904.5145,4789.143552,3,44668.35922,3380.778231,3,4265.795188,567.1036798,3,28183.82931,4440.992202,3,5248074.602,601925.6692,3,6165950.019,595554.6338,3,1584893.192,145280.7296,3,1949844.6,5.52273E-08,3,37153.52291,3060.795051,3,56234.13252,6575.177746,3,1047128.548,146545.5833,3,776247.1166,156410.1998,3,,,,,,,109,1,,,,,,,,,,,,,,,0.138155106,0.006960666,0.161180957,0.007494673,1.888119776,0.014167547,,,0.207232659,0.002800882,0.414465317,0.006819439,-0.299336062,0.020062124
110,5,kian Kim,2022,Frontiers in Microbiology |,5,America,North America,-90.727,40.93,Cold,10.6,914,1.21,Loam,42.8418,36.1582,21,High,21.12307,6.768737,Acid,5.4,Mixture,maize,Upland,Conventional,Inorganic,High,269,Incorporated,5,,<5yr,2,4,,,,,,,,,,,,,,,,,,,,,,,,,,,,,,,,,,,,,,,,,,,18197.00859,2240.050736,3,31622.7766,2393.407697,3,870.96359,115.7877102,3,4677.351413,737.0212515,3,3630780.548,416430.8201,3,5623413.252,543152.2815,3,1288249.552,118088.6104,3,1905460.718,5.65137E-08,3,29512.09227,2431.275929,3,20417.37945,2387.302746,3,295120.9227,41302.15705,3,707945.7844,142647.7976,3,,,,,,,110,1,,,,,,,,,,,,,,,0.552620422,0.006960666,0.437491168,0.007494673,1.680887118,0.014167547,,,0.391439466,0.002800882,-0.368413615,0.006819439,0.874982335,0.020062124
111,6,Shun Li,2022,Plant Soil ,6,Chi,Asia,112.39,29.37,Temperate,16.6,1776,1.21,Sandy Loam,62,29.4,8.5,High,21.12307,3.54,Alkaline,7.92,Legume,rice,Paddy,Conventional,Inorganic,High,150,Incorporated,10,,>5yr,6,10,8770.37,1540.73,3,9481.48,1481.52,3,7.38,0.08,3,7.41,0.01,3,,,,,,,50.84,0.88,3,56.67,0.75,3,13.64,1.15,3,14.95,2.5,3,0.57,0.09,3,0.6,0.23,3,2.76,0.2,3,3.17,0.06,3,18719.74808,1.09044E-06,3,22253.58578,1.13868E-06,3,,,,,,,0.029442182,1.55991E-06,3,0.035622139,1.55995E-06,3,16.05018343,3.53134E-06,3,20.65713083,2.41858E-06,3,1.067013711,5.39995E-06,3,1.79275111,2.32381E-06,3,0.159514439,4.6917E-06,3,0.393015791,1.37994E-06,3,,,,,,,111,1,0.077961427,0.018425618,0.004056801,3.98E-05,,,0.108561524,0.000158254,0.051293294,0.057291731,0.091704647,0.011690738,0.138500908,0.001869749,0.172924141,2.00E-21,0.190538919,1.57E-09,,,,,0.2523403,2.07E-14,0.518887551,9.10E-12,0.901715347,2.92E-10
112,6,Shun Li,2022,Plant Soil ,6,Chi,Asia,112.39,29.37,Temperate,16.6,1776,1.21,Sandy Loam,62,29.4,8.5,High,21.12307,3.54,Alkaline,7.92,Legume,rice,Paddy,Conventional,Inorganic,High,150,Incorporated,10,,>5yr,6,10,8770.37,1540.73,3,12029.6,1837.1,3,7.38,0.08,3,7.61,0.03,3,,,,,,,50.84,0.88,3,48.41,1.71,3,13.64,1.15,3,16.23,1.25,3,0.57,0.09,3,0.74,0.14,3,2.76,0.2,3,2.88,0.04,3,18719.74808,1.09044E-06,3,24266.10095,1.35332E-06,3,,,,,,,0.029442182,1.55991E-06,3,0.086682215,4.89396E-06,3,16.05018343,3.53134E-06,3,46.90617289,2.57608E-06,3,1.067013711,5.39995E-06,3,9.072980971,1.29619E-06,3,0.159514439,4.6917E-06,3,0.65793047,1.06652E-06,3,,,,,,,112,1,0.315991284,0.018061126,0.030689533,4.43E-05,,,-0.048977042,0.000515781,0.261013825,0.020241099,0.173854729,0.004346691,0.042559614,0.001814633,0.25950134,2.17E-21,1.079820322,2.00E-09,,,,,1.072429007,1.71E-14,2.140437051,8.54E-12,1.416964812,2.89E-10
113,6,Shun Li,2022,Plant Soil ,6,Chi,Asia,112.39,29.37,Temperate,16.6,1776,1.21,Sandy Loam,62,29.4,8.5,High,21.12307,3.54,Alkaline,7.92,Legume,rice,Paddy,Conventional,Inorganic,High,150,Incorporated,10,,>5yr,6,10,8770.37,1540.73,3,13511.1,1600,3,7.38,0.08,3,7.62,0.02,3,,,,,,,50.84,0.88,3,46.52,1.38,3,13.64,1.15,3,19.3,3.02,3,0.57,0.09,3,0.74,0.22,3,2.76,0.2,3,2.88,0.09,3,18719.74808,1.09044E-06,3,24266.10095,1.13841E-06,3,,,,,,,0.029442182,1.55991E-06,3,0.289781062,1.88738E-06,3,16.05018343,3.53134E-06,3,11.70819643,6.23046E-06,3,1.067013711,5.39995E-06,3,6.559942007,1.29622E-06,3,0.159514439,4.6917E-06,3,0.149565009,1.06652E-06,3,,,,,,,113,1,0.432132575,0.014961695,0.032002731,4.15E-05,,,-0.088801119,0.0003932,0.261013825,0.037772144,0.347098443,0.010531091,0.042559614,0.002075853,0.25950134,1.86E-21,2.286697271,9.50E-10,,,,,-0.315431132,1.11E-13,1.81611794,8.55E-12,-0.064403304,3.05E-10
114,6,Shun Li,2022,Plant Soil ,7,Chi,Asia,115.07,28.19,Temperate,16.5,1936,1.21,Sandy Loam,57.1,38.1,4.8,High,21.12307,2.57,Acid,4.65,Legume,rice,Paddy,Conventional,Inorganic,High,180,Incorporated,10,,>5yr,6,10,5570.37,592.59,3,8237.04,1244.44,3,5.21,0.12,3,4.87,0.11,3,,,,,,,33.36,0.49,3,40.58,1.61,3,6.76,1.72,3,17.71,1.57,3,18,0.23,3,16.33,1.38,3,1.82,0.08,3,2.14,0.19,3,4303.283913,1.41332E-06,3,6924.365757,1.83198E-06,3,,,,,,,0.001584893,3.79586E-06,3,0.00601603,1.66223E-06,3,0.058495169,1.37085E-06,3,0.388186118,4.84094E-06,3,0.06559942,1.06701E-06,3,0.256123837,1.38309E-06,3,0.02310149,1.21314E-06,3,0.033999302,1.37994E-06,3,,,,,,,114,2,0.391179577,0.011380656,-0.067485919,0.000346896,,,0.195917757,0.000596609,-0.097367851,0.002434904,0.963106562,0.024199179,0.161969328,0.003271639,0.475668029,5.93E-20,1.333910676,1.94E-06,,,,,1.892540741,2.35E-10,1.362094211,9.79E-11,0.386442877,1.47E-09
115,6,Shun Li,2022,Plant Soil ,7,Chi,Asia,115.07,28.19,Temperate,16.5,1936,1.21,Sandy Loam,57.1,38.1,4.8,High,21.12307,2.57,Acid,4.65,Legume,rice,Paddy,Conventional,Inorganic,High,180,Incorporated,10,,>5yr,6,10,5570.37,592.59,3,10607.4,1125.9,3,5.21,0.12,3,4.85,0.1,3,,,,,,,33.36,0.49,3,34.21,3.11,3,6.76,1.72,3,10.76,0.35,3,18,0.23,3,15.28,1.24,3,1.82,0.08,3,1.95,0.17,3,4303.283913,1.41332E-06,3,6924.365757,1.47577E-06,3,,,,,,,0.001584893,3.79586E-06,3,0.009384475,2.14309E-06,3,0.058495169,1.37085E-06,3,0.342176358,2.41858E-06,3,0.06559942,1.06701E-06,3,1,1.47574E-06,3,0.02310149,1.21314E-06,3,0.393015791,1.13747E-06,3,,,,,,,115,2,0.644090392,0.007527851,-0.071601151,0.000318542,,,0.025160421,0.002826736,-0.163826974,0.002249631,0.464812665,0.021932231,0.068992871,0.003177466,0.475668029,5.11E-20,1.778539831,1.93E-06,,,,,1.766382101,2.00E-10,2.724188425,8.89E-11,2.833952674,9.22E-10
116,6,Shun Li,2022,Plant Soil ,7,Chi,Asia,115.07,28.19,Temperate,16.5,1936,1.21,Sandy Loam,57.1,38.1,4.8,High,21.12307,2.57,Acid,4.65,Legume,rice,Paddy,Conventional,Inorganic,High,180,Incorporated,10,,>5yr,6,10,5570.37,592.59,3,11911.1,1303.7,3,5.21,0.12,3,4.87,0.06,3,,,,,,,33.36,0.49,3,36.26,1.73,3,6.76,1.72,3,11.99,1.9,3,18,0.23,3,18.94,1.13,3,1.82,0.08,3,2.06,0.12,3,4303.283913,1.41332E-06,3,10670.8742,1.91293E-06,3,,,,,,,0.001584893,3.79586E-06,3,0.025929253,4.04483E-06,3,0.058495169,1.37085E-06,3,0.027438477,2.41858E-06,3,0.06559942,1.06701E-06,3,0.33199382,1.73552E-05,3,0.02310149,1.21314E-06,3,0.069049414,1.29387E-06,3,,,,,,,116,2,0.760009259,0.007765699,-0.067485919,0.000227431,,,0.083357628,0.000830694,0.05090433,0.001240946,0.573050079,0.02994997,0.123869482,0.00177516,0.908139561,4.67E-20,2.794854894,1.92E-06,,,,,-0.756997871,2.77E-09,1.6215495,9.99E-10,1.094925276,1.04E-09
117,6,Shun Li,2022,Plant Soil ,8,Chi,Asia,114.08,32.12,Temperate,15.2,2000,1.21,Sandy Loam,60.2,33.3,6.4,High,21.12307,1.55,Neutral,6.8,Legume,rice,Paddy,Conventional,Inorganic,High,225,Incorporated,10,,>5yr,6,10,8237.04,1540.74,3,10251.9,414.8,3,6.15,0.16,3,5.09,0.04,3,,,,,,,22.63,1.31,3,26.15,0.69,3,3.04,0.4,3,6.15,0.66,3,0.86,0.14,3,1.39,0.28,3,1.23,0.06,3,1.43,0.03,3,24266.10095,1.24137E-06,3,39039.11825,1.18905E-06,3,,,,,,,2.511886432,1.13546E-06,3,5.383069662,1.28929E-06,3,56.67871559,2.00157E-06,3,30.16129608,1.13449E-06,3,5.060926149,2.32375E-06,3,9.072980971,1.13849E-06,3,2.544427027,2.31015E-06,3,1.252852662,1.21317E-06,3,,,,,,,117,3,0.218821998,0.012208285,-0.189174251,0.000246201,,,0.144572731,0.001349075,0.480126637,0.022359474,0.704594566,0.009609991,0.150660275,0.000939885,0.475483822,1.18E-21,0.762224743,8.72E-14,,,,,-0.630839238,8.87E-16,0.583751373,7.55E-14,-0.708482407,5.87E-13
118,6,Shun Li,2022,Plant Soil ,8,Chi,Asia,114.08,32.12,Temperate,15.2,2000,1.21,Sandy Loam,60.2,33.3,6.4,High,21.12307,1.55,Neutral,6.8,Legume,rice,Paddy,Conventional,Inorganic,High,225,Incorporated,10,,>5yr,6,10,8237.04,1540.74,3,9777.78,770.32,3,6.15,0.16,3,6.13,0.01,3,,,,,,,22.63,1.31,3,23.69,1.18,3,3.04,0.4,3,4.64,1.9,3,0.86,0.14,3,1.15,0.1,3,1.23,0.06,3,1.23,0.05,3,24266.10095,1.24137E-06,3,27624.85455,1.09044E-06,3,,,,,,,2.511886432,1.13546E-06,3,13.09905604,1.66223E-06,3,56.67871559,2.00157E-06,3,56.67871559,1.46012E-06,3,5.060926149,2.32375E-06,3,22.49624328,2.47953E-06,3,2.544427027,2.31015E-06,3,5.167613213,2.62773E-06,3,,,,,,,118,3,0.171471408,0.013731498,-0.003257332,0.000226502,,,0.045776559,0.001944011,0.290584832,0.011354083,0.422856851,0.06166305,0,0.001343997,0.129635541,1.39E-21,1.651506132,7.35E-14,,,,,0,6.37E-16,1.49179883,7.43E-14,0.708505433,3.61E-13
119,6,Shun Li,2022,Plant Soil ,8,Chi,Asia,114.08,32.12,Temperate,15.2,2000,1.21,Sandy Loam,60.2,33.3,6.4,High,21.12307,1.55,Neutral,6.8,Legume,rice,Paddy,Conventional,Inorganic,High,225,Incorporated,10,,>5yr,6,10,8237.04,1540.74,3,9718.52,829.58,3,6.15,0.16,3,5.16,0.07,3,,,,,,,22.63,1.31,3,28.35,0.47,3,3.04,0.4,3,12.36,4.53,3,0.86,0.14,3,1.81,0.19,3,1.23,0.06,3,1.49,0.04,3,24266.10095,1.24137E-06,3,52844.52518,1.13841E-06,3,,,,,,,2.511886432,1.13546E-06,3,8.947876886,1.37385E-06,3,56.67871559,2.00157E-06,3,77.69802864,1.37085E-06,3,5.060926149,2.32375E-06,3,8.503153126,1.57464E-06,3,2.544427027,2.31015E-06,3,1.728860691,1.67409E-06,3,,,,,,,119,3,0.165392287,0.014091411,-0.175515502,0.00028696,,,0.225350571,0.001208613,0.744149735,0.01250667,1.402607937,0.050546276,0.191761951,0.001033408,0.778273762,1.03E-21,1.270382247,7.60E-14,,,,,0.315431132,5.19E-16,0.518887551,8.17E-14,-0.386442856,5.87E-13
120,6,Shun Li,2022,Plant Soil ,9,Chi,Asia,119.03,26.08,Temperate,22.5,1840,1.21,Sandy Loam,46.5,34.1,19.4,High,21.12307,1.23,Acid,4.93,Legume,rice,Paddy,Conventional,Inorganic,Medium,135,Incorporated,10,,>5yr,6,10,6992.59,474.08,3,7703.7,533.34,3,4.99,0.21,3,4.92,0.11,3,,,,,,,21.35,1.77,3,22.05,0.97,3,2.17,0.37,3,3.4,0.82,3,0.52,0.22,3,0.56,0.12,3,1.19,0.13,3,1.2,0.07,3,8231.708825,1.29631E-06,3,7883.335324,1.60913E-06,3,,,,,,,1.511158436,1.28929E-06,3,6.5131338,1.20993E-06,3,10.99258924,1.46009E-06,3,15.06884619,2.92254E-06,3,4.743075087,1.29619E-06,3,5.761824156,1.06701E-06,3,0.701697614,5.0038E-06,3,1.101437859,1.06652E-06,3,,,,,,,120,4,0.096849716,0.003129841,-0.014127379,0.000756982,,,0.032260862,0.002936091,0.074107972,0.074970817,0.449048264,0.029079566,0.00836825,0.005112321,-0.043242548,2.22E-20,1.46094419,2.54E-13,,,,,0.315408106,1.84E-14,0.19456844,3.63E-14,0.450869188,1.73E-11
121,6,Shun Li,2022,Plant Soil ,9,Chi,Asia,119.03,26.08,Temperate,22.5,1840,1.21,Sandy Loam,46.5,34.1,19.4,High,21.12307,1.23,Acid,4.93,Legume,rice,Paddy,Conventional,Inorganic,Medium,135,Incorporated,10,,>5yr,6,10,6992.59,474.08,3,8237.04,948.15,3,4.99,0.21,3,4.97,0.15,3,,,,,,,21.35,1.77,3,21.73,0.51,3,2.17,0.37,3,2.41,0.09,3,0.52,0.22,3,1.53,0.15,3,1.19,0.13,3,1.1,0.02,3,8231.708825,1.29631E-06,3,8595.477345,1.29607E-06,3,,,,,,,1.511158436,1.28929E-06,3,7.395541867,1.13546E-06,3,10.99258924,1.46009E-06,3,10.32048246,2.74378E-06,3,4.743075087,1.29619E-06,3,4.743075087,1.21479E-06,3,0.701697614,5.0038E-06,3,1.174708199,1.06652E-06,3,,,,,,,121,4,0.163790039,0.005948791,-0.00401607,0.000893992,,,0.017642055,0.002474635,1.079194203,0.06286859,0.10489958,0.010155737,-0.078643127,0.004088255,0.043242548,1.58E-20,1.588000835,2.50E-13,,,,,-0.063090831,2.94E-14,0,4.68E-14,0.515272493,1.72E-11
122,6,Shun Li,2022,Plant Soil ,9,Chi,Asia,119.03,26.08,Temperate,22.5,1840,1.11,Sandy Loam,46.5,34.1,19.4,Medium,10.6643,1.23,Acid,4.93,Legume,rice,Paddy,Conventional,Inorganic,Medium,135,Incorporated,10,,>5yr,6,10,6992.59,474.08,3,8651.85,770.37,3,4.99,0.21,3,4.99,0.06,3,,,,,,,21.35,1.77,3,23.54,0.76,3,2.17,0.37,3,2.06,0.22,3,0.52,0.22,3,1.2,0.05,3,1.19,0.13,3,1.13,0.04,3,8231.708825,1.29631E-06,3,11140.37987,1.18905E-06,3,,,,,,,1.511158436,1.28929E-06,3,4.449180243,1.88738E-06,3,10.99258924,1.46009E-06,3,5.849516899,1.46012E-06,3,4.743075087,1.29619E-06,3,4.166007045,2.47948E-06,3,0.701697614,5.0038E-06,3,0.078541646,1.56968E-06,3,,,,,,,122,4,0.212922154,0.004174937,0,0.000638552,,,0.097649362,0.002638474,0.836248024,0.060243398,-0.052021185,0.013492673,-0.051735674,0.00439574,0.302582707,1.21E-20,1.079843331,3.03E-13,,,,,-0.630862264,2.66E-14,-0.129727644,1.43E-13,-2.189873556,1.50E-10
123,7,Hanqiang Lyu,2024,Field Crops Research,10,Chi,Asia,103.57,37.57,Arid,7.5,160,1.11,Silt loam,28.6,65.4,5.2,Medium,10.6643,0.91,Alkaline,8.25,Legume,wheat,Upland,Conservation,Inorganic,High,360,Incorporated,5,,<5yr,2,10,13469.9,253,3,12963.9,614.4,3,,,,,,,,,,,,,,,,,,,10.95,0.87,3,10.68,1.23,3,2.55,0.96,3,3.06,0.75,3,,,,,,,,,,,,,,,,,,,8.79,2.65,3,9.62,3.47,3,0.14,0.02,3,0.07,0.02,3,1.27,0.32,3,1.43,0.97,3,1.8,0.43,3,0.59,0.21,3,,,,,,,123,1,-0.038288995,0.000866299,,,,,,,0.182321557,0.067267718,-0.024966623,0.006525474,,,,,0.090229553,0.073666333,,,,,-0.693147181,0.034013605,0.118657544,0.174536142,-1.115419407,0.061251878
124,7,Hanqiang Lyu,2024,Field Crops Research,10,Chi,Asia,103.57,37.57,Arid,7.5,160,1.11,Silt loam,23.1,70.2,4.3,Medium,10.6643,0.94,Alkaline,8.27,Legume,wheat,Upland,Conservation,Inorganic,High,360,Incorporated,15,,<5yr,2,10,13469.9,253,3,12963.9,614.4,3,,,,,,,,,,,,,,,,,,,17.97,5.57,3,12.45,1.68,3,3.78,0.33,3,6.03,1.74,3,,,,,,,,,,,,,,,,,,,8.79,2.65,3,9.62,3.47,3,0.14,0.02,3,0.07,0.02,3,1.27,0.32,3,1.43,0.97,3,1.8,0.43,3,0.59,0.21,3,,,,,,,124,1,-0.038288995,0.000866299,,,,,,,0.467023001,0.030295611,-0.366983078,0.038094863,,,,,0.090229553,0.073666333,,,,,-0.693147181,0.034013605,0.118657544,0.174536142,-1.115419407,0.061251878
125,7,Hanqiang Lyu,2024,Field Crops Research,10,Chi,Asia,103.57,37.57,Arid,7.5,160,1.11,Silt loam,15.4,79.3,3.5,Medium,10.6643,0.93,Alkaline,8.25,Legume,wheat,Upland,Conservation,Inorganic,High,360,Incorporated,25,,<5yr,2,10,13469.9,253,3,12963.9,614.4,3,,,,,,,,,,,,,,,,,,,5.99,2.64,3,7.98,1.89,3,1.48,1.04,3,2.37,1.23,3,,,,,,,,,,,,,,,,,,,8.79,2.65,3,9.62,3.47,3,0.14,0.02,3,0.07,0.02,3,1.27,0.32,3,1.43,0.97,3,1.8,0.43,3,0.59,0.21,3,,,,,,,125,1,-0.038288995,0.000866299,,,,,,,0.470847867,0.25437965,0.286846999,0.083447044,,,,,0.090229553,0.073666333,,,,,-0.693147181,0.034013605,0.118657544,0.174536142,-1.115419407,0.061251878
126,7,Hanqiang Lyu,2024,Field Crops Research,10,Chi,Asia,103.57,37.57,Arid,7.5,160,1.11,Silt loam,28.6,65.4,5.2,Medium,10.6643,0.91,Alkaline,8.25,Legume,wheat,Upland,Conventional,Inorganic,High,360,Incorporated,5,,<5yr,2,10,13469.9,253,3,15096.4,361.4,3,,,,,,,,,,,,,,,,,,,10.95,0.87,3,12.15,2.67,3,2.55,0.96,3,3.06,0.57,3,,,,,,,,,,,,,,,,,,,8.79,2.65,3,16.87,6.49,3,0.14,0.02,3,0.17,0.01,3,1.27,0.32,3,1.92,0.57,3,1.8,0.43,3,1.34,0.22,3,,,,,,,126,1,0.113998738,0.000308629,,,,,,,0.182321557,0.058809432,0.103989714,0.018201349,,,,,0.651922185,0.079629571,,,,,0.194156014,0.007956124,0.413308286,0.050540964,-0.295117051,0.02800756
127,7,Hanqiang Lyu,2024,Field Crops Research,10,Chi,Asia,103.57,37.57,Arid,7.5,160,1.11,Silt loam,23.1,70.2,4.3,Medium,10.6643,0.94,Alkaline,8.27,Legume,wheat,Upland,Conventional,Inorganic,High,360,Incorporated,15,,<5yr,2,10,13469.9,253,3,15096.4,361.4,3,,,,,,,,,,,,,,,,,,,17.97,5.57,3,21.84,3.06,3,3.78,0.33,3,7.74,1.41,3,,,,,,,,,,,,,,,,,,,8.79,2.65,3,16.87,6.49,3,0.14,0.02,3,0.17,0.01,3,1.27,0.32,3,1.92,0.57,3,1.8,0.43,3,1.34,0.22,3,,,,,,,127,1,0.113998738,0.000308629,,,,,,,0.716677678,0.013602558,0.19503945,0.038568877,,,,,0.651922185,0.079629571,,,,,0.194156014,0.007956124,0.413308286,0.050540964,-0.295117051,0.02800756
128,7,Hanqiang Lyu,2024,Field Crops Research,10,Chi,Asia,103.57,37.57,Arid,7.5,160,1.11,Silt loam,15.4,79.3,3.5,Medium,10.6643,0.93,Alkaline,8.25,Legume,wheat,Upland,Conventional,Inorganic,High,360,Incorporated,25,,<5yr,2,10,13469.9,253,3,15096.4,361.4,3,,,,,,,,,,,,,,,,,,,5.99,2.64,3,11.13,3.09,3,1.48,1.04,3,1.68,0.72,3,,,,,,,,,,,,,,,,,,,8.79,2.65,3,16.87,6.49,3,0.14,0.02,3,0.17,0.01,3,1.27,0.32,3,1.92,0.57,3,1.8,0.43,3,1.34,0.22,3,,,,,,,128,1,0.113998738,0.000308629,,,,,,,0.126751706,0.225821519,0.619552753,0.090441425,,,,,0.651922185,0.079629571,,,,,0.194156014,0.007956124,0.413308286,0.050540964,-0.295117051,0.02800756
129,7,Hanqiang Lyu,2024,Field Crops Research,10,Chi,Asia,103.57,37.57,Arid,7.5,160,1.11,Silt loam,28.6,65.4,5.2,Medium,10.6643,0.91,Alkaline,8.25,Legume,wheat,Upland,Conservation,Inorganic,High,360,Incorporated,5,,<5yr,2,10,13469.9,253,3,14879.5,433.8,3,,,,,,,,,,,,,,,,,,,10.95,0.87,3,14.94,2.61,3,2.55,0.96,3,6.78,1.44,3,,,,,,,,,,,,,,,,,,,8.79,2.65,3,11.95,4.57,3,0.14,0.02,3,0.23,0.05,3,1.27,0.32,3,1.6,0.41,3,1.8,0.43,3,1.93,1.08,3,,,,,,,129,1,0.09952686,0.000400918,,,,,,,0.977883743,0.062279784,0.310702723,0.012277433,,,,,0.307116567,0.0790466,,,,,0.496436886,0.022555714,0.230986729,0.04305073,0.069733338,0.123401275
130,7,Hanqiang Lyu,2024,Field Crops Research,10,Chi,Asia,103.57,37.57,Arid,7.5,160,1.11,Silt loam,23.1,70.2,4.3,Medium,10.6643,0.94,Alkaline,8.27,Legume,wheat,Upland,Conservation,Inorganic,High,360,Incorporated,15,,<5yr,2,10,13469.9,253,3,14879.5,433.8,3,,,,,,,,,,,,,,,,,,,17.97,5.57,3,27.51,2.88,3,3.78,0.33,3,15.96,1.08,3,,,,,,,,,,,,,,,,,,,8.79,2.65,3,11.95,4.57,3,0.14,0.02,3,0.23,0.05,3,1.27,0.32,3,1.6,0.41,3,1.8,0.43,3,1.93,1.08,3,,,,,,,130,1,0.09952686,0.000400918,,,,,,,1.440361582,0.004066895,0.425845874,0.03567856,,,,,0.307116567,0.0790466,,,,,0.496436886,0.022555714,0.230986729,0.04305073,0.069733338,0.123401275
131,7,Hanqiang Lyu,2024,Field Crops Research,10,Chi,Asia,103.57,37.57,Arid,7.5,160,1.11,Silt loam,15.4,79.3,3.5,Medium,10.6643,0.93,Alkaline,8.25,Legume,wheat,Upland,Conservation,Inorganic,High,360,Incorporated,25,,<5yr,2,10,13469.9,253,3,14879.5,433.8,3,,,,,,,,,,,,,,,,,,,5.99,2.64,3,5.99,2.64,3,1.48,1.04,3,6,2.52,3,,,,,,,,,,,,,,,,,,,8.79,2.65,3,11.95,4.57,3,0.14,0.02,3,0.23,0.05,3,1.27,0.32,3,1.6,0.41,3,1.8,0.43,3,1.93,1.08,3,,,,,,,131,1,0.09952686,0.000400918,,,,,,,1.399717381,0.223397029,0,0.129497967,,,,,0.307116567,0.0790466,,,,,0.496436886,0.022555714,0.230986729,0.04305073,0.069733338,0.123401275
132,8,Hanqiang Lyu,2024,"Agriculture, Ecosystems and Environment",10,Chi,Asia,103.57,37.57,Arid,7.5,160,1.42,Silt loam,32.8154,48.1846,19,Medium,10.6643,0.94,Alkaline,8.25,Legume,wheat,Upland,Conventional,Inorganic,High,360,Incorporated,15,,>5yr,6,10,9720.63,494.87,3,11821.6,371.1,3,,,,,,,,,,,,,,,,,,,13.3778,0.9333,3,15.7111,0.6222,3,14.2667,0.6666,3,15.0667,0.2666,3,0.931858,0.079642,3,0.955752,0.031859,,,,,,,,,,,,,,,,,,,,,,,,,,1.665428,0.029739,3,0.8624535,0.0223049,3,2.587361,2.609665,3,0.8587361,0.0892193,3,,,,,,,132,2,0.195677935,0.001192397,,,,,,,0.05455886,0.000832084,0.160770852,0.002145165,0.025318023,,,,,,,,,,,,-0.658056192,0.000329237,-1.102932059,0.342703145
133,8,Hanqiang Lyu,2024,"Agriculture, Ecosystems and Environment",10,Chi,Asia,103.57,37.57,Arid,7.5,160,1.42,Silt loam,32.8154,48.1846,19,Medium,10.6643,0.94,Alkaline,8.25,Legume,wheat,Upland,Conservation,Inorganic,High,360,Incorporated,15,,>5yr,6,10,9720.63,494.87,3,13056.5,742.3,3,,,,,,,,,,,,,,,,,,,13.3778,0.9333,3,17.7333,1.2445,3,14.2667,0.6666,3,17.3333,0.1334,3,0.931858,0.079642,3,1.07522,0.09558,,,,,,,,,,,,,,,,,,,,,,,,,,1.665428,0.029739,3,1.583643,0.089219,3,2.587361,2.609665,3,1.33829,0.211896,3,,,,,,,133,2,0.295035663,0.001941335,,,,,,,0.194701356,0.00074746,0.281847611,0.003264061,0.143100128,,,,,,,,,,,,-0.050354258,0.00116427,-0.659245758,0.347461503
134,9,Vivia Loaiza Puerta,2019,Applied Soil Ecology,11,Switzerland,European,8.53,47.44,Cold,9.4,1054,1.11,Loam,43,34,23,Low,1.4,0.86,Neutral,7.3,Non-legume,maize,Upland,Conventional,Inorganic,High,320,Incorporated,7.5,,<5yr,4,10,,,,,,,,,,,,,,,,,,,40.8588,5.172,4,41.8932,3.9652,4,,,,,,,,,,,,,2.6,0.2,4,2.6,0.2,4,,,,,,,229.0867653,2.23872E-06,4,436.5158322,2.69153E-06,4,30.1995172,2.88403E-06,4,131.8256739,3.63078E-05,4,1,6.60693E-06,4,2.041737945,4.46684E-06,4,134.8962883,1.8197E-06,4,251.1886432,3.46737E-06,4,758.577575,1.02329E-06,4,676.0829754,1.14815E-06,4,,,,,,,134,1,,,,,,,0.025001302,0.006245434,,,,,0,0.00295858,,,1.47365446,2.12E-14,0.644723826,3.34E-17,,,0.713801379,1.21E-11,0.621697975,9.31E-17,-0.115129255,1.18E-18
135,9,Vivia Loaiza Puerta,2019,Applied Soil Ecology,11,Switzerland,European,8.53,47.44,Cold,9.4,1054,1.11,Loam,43,34,23,Low,1.4,0.86,Neutral,7.3,Non-legume,maize,Upland,Conservation,Inorganic,High,320,Incorporated,7.5,,<5yr,4,10,,,,,,,,,,,,,,,,,,,30.8596,4.4824,4,44.9964,11.8956,4,,,,,,,,,,,,,2.4,0.3,4,2.4,0.1,4,,,,,,,213.796209,7.07946E-06,4,371.5352291,2.69153E-06,4,151.3561248,4.0738E-06,4,234.4228815,2.69153E-06,4,1.548816619,7.4131E-06,4,2.511886432,1.65959E-06,4,128.8249552,1.54882E-06,4,45.70881896,2.04174E-06,4,812.8305162,1.90546E-06,4,602.5595861,1.38038E-06,4,,,,,,,135,1,,,,,,,0.377134601,0.022747078,,,,,0,0.004340278,,,0.437491168,2.14E-16,0.552620422,2.87E-16,,,0.48354287,5.84E-12,-1.036163292,5.35E-16,-0.299336062,2.69E-18
136,9,Vivia Loaiza Puerta,2019,Applied Soil Ecology,11,Switzerland,European,8.53,47.44,Cold,9.4,1054,1.11,Loam,43,34,23,Low,1.4,0.86,Neutral,7.3,Non-legume,maize,Upland,Conventional,Organic,High,340,Incorporated,7.5,,<5yr,4,10,,,,,,,,,,,,,,,,,,,31.894,7.0684,4,35.6868,5.5168,4,,,,,,,,,,,,,2.3,0.5,4,2.5,0.3,4,,,,,,,436.5158322,2.81838E-06,4,1096.478196,1.54882E-06,4,831.7637711,7.94328E-06,4,645.654229,9.77237E-06,4,8.317637711,4.36516E-06,4,9.77237221,3.38844E-06,4,104.7128548,1.41254E-06,4,173.7800829,2.18776E-06,4,676.0829754,1.04713E-06,4,676.0829754,1.09648E-06,4,,,,,,,136,1,,,,,,,0.112362968,0.018253504,,,,,0.083381609,0.015414745,,,-0.25328436,8.01E-17,0.921034037,1.09E-17,,,0.161180957,9.89E-14,0.506568721,8.51E-17,0,1.26E-18
137,9,Vivia Loaiza Puerta,2019,Applied Soil Ecology,11,Switzerland,European,8.53,47.44,Cold,9.4,1054,1.11,Loam,43,34,23,Low,1.4,0.86,Neutral,7.3,Non-legume,maize,Upland,Conservation,Organic,High,340,Incorporated,7.5,,<5yr,4,10,,,,,,,,,,,,,,,,,,,35.6868,1.3792,4,41.0312,5.3444,4,,,,,,,,,,,,,2.6,0.1,4,2.7,0.1,4,,,,,,,251.1886432,8.12831E-06,4,954.992586,2.0893E-06,4,239.8832919,7.94328E-06,4,281.8382931,7.58578E-05,4,2.290867653,5.62341E-06,4,11.22018454,1.62181E-06,4,107.1519305,1.25893E-06,4,120.2264435,3.46737E-06,4,758.577575,1.25893E-06,4,524.8074602,1.44544E-06,4,,,,,,,137,1,,,,,,,0.13955188,0.004614807,,,,,0.037740328,0.000712758,,,0.161180956,1.84E-14,1.335499354,2.63E-16,,,1.588783714,1.51E-12,0.115129255,2.42E-16,-0.368413615,2.59E-18
138,9,Vivia Loaiza Puerta,2019,Applied Soil Ecology,11,Switzerland,European,8.53,47.44,Cold,9.4,1054,1.11,Loam,43,34,23,Low,1.4,0.86,Neutral,7.3,Legume,maize,Upland,Conventional,Inorganic,High,320,Incorporated,7.5,,<5yr,4,10,,,,,,,,,,,,,,,,,,,40.8588,5.172,4,35.8592,5.5168,4,,,,,,,,,,,,,2.6,0.2,4,2.5,0.3,4,,,,,,,229.0867653,2.23872E-06,4,354.8133892,1.90546E-06,4,30.1995172,2.88403E-06,4,186.2087137,1.7378E-06,4,1,6.60693E-06,4,4.897788194,1.44544E-06,4,134.8962883,1.8197E-06,4,28.18382931,3.23594E-06,4,758.577575,1.02329E-06,4,489.7788194,1.23027E-06,4,,,,,,,138,1,,,,,,,-0.130522061,0.009922928,,,,,-0.039220713,0.00507929,,,1.819042224,2.30E-15,0.437491167,3.11E-17,,,1.588783714,1.09E-11,-1.565757864,3.34E-15,-0.437491168,2.03E-18
139,9,Vivia Loaiza Puerta,2019,Applied Soil Ecology,11,Switzerland,European,8.53,47.44,Cold,9.4,1054,1.11,Loam,43,34,23,Low,1.4,0.86,Neutral,7.3,Legume,maize,Upland,Conservation,Inorganic,High,320,Incorporated,7.5,,<5yr,4,10,,,,,,,,,,,,,,,,,,,30.8596,4.4824,4,37.928,6.2064,4,,,,,,,,,,,,,2.4,0.3,4,2.6,0.2,4,,,,,,,213.796209,7.07946E-06,4,301.995172,3.16228E-05,4,151.3561248,4.0738E-06,4,141.2537545,1.8197E-05,4,1.548816619,7.4131E-06,4,26.91534804,1.94984E-06,4,128.8249552,1.54882E-06,4,213.796209,1.58489E-06,4,812.8305162,1.90546E-06,4,1047.128548,1.58489E-06,4,,,,,,,139,1,,,,,,,0.206241741,0.011968707,,,,,0.080042708,0.00538554,,,-0.069077552,4.33E-15,0.345387764,3.02E-15,,,2.855205515,5.73E-12,0.50656872,4.99E-17,0.25328436,1.95E-18
140,9,Vivia Loaiza Puerta,2019,Applied Soil Ecology,11,Switzerland,European,8.53,47.44,Cold,9.4,1054,1.11,Loam,43,34,23,Low,1.4,0.86,Neutral,7.3,Legume,maize,Upland,Conventional,Organic,High,340,Incorporated,7.5,,<5yr,4,10,,,,,,,,,,,,,,,,,,,31.894,7.0684,4,32.2388,3.448,4,,,,,,,,,,,,,2.3,0.5,4,2.4,0.3,4,,,,,,,436.5158322,2.81838E-06,4,371.5352291,4.36516E-06,4,831.7637711,7.94328E-06,4,316.227766,2.04174E-05,4,8.317637711,4.36516E-06,4,2.041737945,7.94328E-06,4,104.7128548,1.41254E-06,4,109.6478196,2.04174E-06,4,676.0829754,1.04713E-06,4,575.4399373,1.7378E-06,4,,,,,,,140,1,,,,,,,0.010752792,0.015138712,,,,,0.042559614,0.015720995,,,-0.967085739,1.06E-15,-0.161180956,4.49E-17,,,-1.404576907,3.85E-12,0.046051702,1.32E-16,-0.161180957,2.88E-18
141,9,Vivia Loaiza Puerta,2019,Applied Soil Ecology,11,Switzerland,European,8.53,47.44,Cold,9.4,1054,1.11,Loam,43,34,23,Low,1.4,0.86,Neutral,7.3,Legume,maize,Upland,Conservation,Organic,High,340,Incorporated,7.5,,<5yr,4,10,,,,,,,,,,,,,,,,,,,35.6868,1.3792,4,47.7548,6.2064,4,,,,,,,,,,,,,2.6,0.1,4,2.7,0.2,4,,,,,,,251.1886432,8.12831E-06,4,245.4708916,8.12831E-06,4,239.8832919,7.94328E-06,4,43.65158322,1.94984E-05,4,2.290867653,5.62341E-06,4,11.22018454,1.69824E-05,4,107.1519305,1.25893E-06,4,208.9296131,1.62181E-06,4,758.577575,1.25893E-06,4,645.654229,0.000001,4,,,,,,,141,1,,,,,,,0.291298713,0.004596058,,,,,0.037740328,0.001741565,,,-1.703912969,5.02E-14,-0.023025851,5.36E-16,,,1.588783714,2.08E-12,0.667749677,4.96E-17,-0.161180957,1.29E-18
142,9,Vivia Loaiza Puerta,2019,Applied Soil Ecology,11,Switzerland,European,8.53,47.44,Cold,9.4,1054,1.11,Loam,43,34,23,Low,1.4,0.86,Neutral,7.3,Mixture,maize,Upland,Conventional,Inorganic,High,320,Incorporated,7.5,,<5yr,4,10,,,,,,,,,,,,,,,,,,,40.8588,5.172,4,37.4108,3.2756,4,,,,,,,,,,,,,2.6,0.2,4,2.5,0.1,4,,,,,,,229.0867653,2.23872E-06,4,162.1810097,5.49541E-06,4,30.1995172,2.88403E-06,4,295.1209227,8.31764E-06,4,1,6.60693E-06,4,1.584893192,2.69153E-05,4,134.8962883,1.8197E-06,4,154.8816619,1.31826E-06,4,758.577575,1.02329E-06,4,794.3282347,1.58489E-06,4,,,,,,,142,1,,,,,,,-0.088162788,0.005922352,,,,,-0.039220713,0.00187929,,,2.279559242,2.48E-15,-0.345387764,3.11E-16,,,0.460517018,8.30E-11,0.138155105,6.36E-17,0.046051702,1.45E-18
143,9,Vivia Loaiza Puerta,2019,Applied Soil Ecology,11,Switzerland,European,8.53,47.44,Cold,9.4,1054,1.11,Loam,43,34,23,Low,1.4,0.86,Neutral,7.3,Mixture,maize,Upland,Conservation,Inorganic,High,320,Incorporated,7.5,,<5yr,4,10,,,,,,,,,,,,,,,,,,,30.8596,4.4824,4,46.2032,16.2056,4,,,,,,,,,,,,,2.4,0.3,4,2.6,0.4,4,,,,,,,213.796209,7.07946E-06,4,158.4893192,4.16869E-06,4,151.3561248,4.0738E-06,4,60.25595861,0.000107152,4,1.548816619,7.4131E-06,4,4.570881896,4.57088E-06,4,128.8249552,1.54882E-06,4,83.17637711,2.0893E-06,4,812.8305162,1.90546E-06,4,467.7351413,1.86209E-06,4,,,,,,,143,1,,,,,,,0.403601175,0.036030228,,,,,0.080042708,0.00982341,,,-0.921034037,7.91E-13,-0.299336063,4.47E-16,,,1.082214994,5.98E-12,-0.437491168,1.94E-16,-0.552620422,5.34E-18
144,9,Vivia Loaiza Puerta,2019,Applied Soil Ecology,11,Switzerland,European,8.53,47.44,Cold,9.4,1054,1.11,Loam,43,34,23,Low,1.4,0.86,Neutral,7.3,Mixture,maize,Upland,Conventional,Organic,High,340,Incorporated,7.5,,<5yr,4,10,,,,,,,,,,,,,,,,,,,31.894,7.0684,4,34.9972,6.896,4,,,,,,,,,,,,,2.3,0.5,4,2.4,0.3,4,,,,,,,436.5158322,2.81838E-06,4,87.096359,9.12011E-06,4,831.7637711,7.94328E-06,4,97.7237221,2.51189E-05,4,8.317637711,4.36516E-06,4,6.760829754,1.20226E-06,4,104.7128548,1.41254E-06,4,93.32543008,2.13796E-06,4,676.0829754,1.04713E-06,4,851.1380382,1.94984E-06,4,,,,,,,144,1,,,,,,,0.092850154,0.021985653,,,,,0.042559614,0.015720995,,,-2.141404136,1.65E-14,-1.611809565,2.75E-15,,,-0.207232658,7.68E-14,-0.115129255,1.77E-16,0.230258509,1.91E-18
145,9,Vivia Loaiza Puerta,2019,Applied Soil Ecology,11,Switzerland,European,8.53,47.44,Cold,9.4,1054,1.11,Loam,43,34,23,Low,1.4,0.86,Neutral,7.3,Mixture,maize,Upland,Conservation,Organic,High,340,Incorporated,7.5,,<5yr,4,10,,,,,,,,,,,,,,,,,,,35.6868,1.3792,4,40.8588,2.9308,4,,,,,,,,,,,,,2.6,0.1,4,2.7,0.2,4,,,,,,,251.1886432,8.12831E-06,4,512.861384,2.04174E-06,4,239.8832919,7.94328E-06,4,301.995172,1.31826E-05,4,2.290867653,5.62341E-06,4,6.025595861,5.24807E-06,4,107.1519305,1.25893E-06,4,154.8816619,1.51356E-06,4,758.577575,1.25893E-06,4,549.5408739,1.54882E-06,4,,,,,,,145,1,,,,,,,0.135341348,0.001659701,,,,,0.037740328,0.001741565,,,0.230258509,7.50E-16,0.713801379,2.66E-16,,,0.967085739,1.70E-12,0.368413615,5.84E-17,-0.322361913,2.67E-18
146,9,Vivia Loaiza Puerta,2019,Applied Soil Ecology,11,Switzerland,European,8.53,47.44,Cold,9.4,1054,1.11,Loam,43,34,23,Low,1.4,0.86,Neutral,7.3,Non-legume,maize,Upland,Conventional,Inorganic,High,320,Incorporated,7.5,,<5yr,4,10,,,,,,,,,,,,,,,,,,,30.6872,5.6892,4,32.0664,5.5168,4,,,,,,,,,,,,,1.7,0.1,4,1.6,0,4,,,,,,,457.0881896,2.23872E-06,4,194.98446,1.94984E-06,4,16.98243652,7.94328E-05,4,489.7788194,7.94328E-06,4,16.98243652,3.98107E-06,4,6.918309709,2.51189E-06,4,288.4031503,1.47911E-06,4,112.2018454,1.65959E-06,4,851.1380382,1.23027E-06,4,645.654229,1.58489E-06,4,,,,,,,146,2,,,,,,,0.043963123,0.015992364,,,,,-0.060624622,0.000865052,,,3.361774236,5.47E-12,-0.851956484,3.10E-17,,,-0.898008186,4.67E-14,-0.944059888,6.13E-17,-0.276310211,2.03E-18
147,9,Vivia Loaiza Puerta,2019,Applied Soil Ecology,11,Switzerland,European,8.53,47.44,Cold,9.4,1054,1.11,Loam,43,34,23,Low,1.4,0.86,Neutral,7.3,Non-legume,maize,Upland,Conservation,Inorganic,High,320,Incorporated,7.5,,<5yr,4,10,,,,,,,,,,,,,,,,,,,24.136,3.7928,4,31.032,9.9992,4,,,,,,,,,,,,,1.6,0.2,4,1.6,0.1,4,,,,,,,218.7761624,6.16595E-06,4,537.0317964,4.36516E-06,4,35.48133892,4.89779E-06,4,1047.128548,1.65959E-05,4,0.45708819,7.24436E-06,4,45.70881896,3.23594E-06,4,117.4897555,1.1749E-06,4,109.6478196,5.37032E-06,4,616.5950019,1.8197E-06,4,891.2509381,1.86209E-06,4,,,,,,,147,2,,,,,,,0.251314428,0.03213026,,,,,0,0.004882813,,,3.384800087,4.83E-15,0.898008186,2.15E-16,,,4.605170185,6.28E-11,-0.069077553,6.25E-16,0.368413615,3.27E-18
148,9,Vivia Loaiza Puerta,2019,Applied Soil Ecology,11,Switzerland,European,8.53,47.44,Cold,9.4,1054,1.11,Loam,43,34,23,Low,1.4,0.86,Neutral,7.3,Non-legume,maize,Upland,Conventional,Organic,High,340,Incorporated,7.5,,<5yr,4,10,,,,,,,,,,,,,,,,,,,26.2048,1.3792,4,27.9288,4.31,4,,,,,,,,,,,,,1.7,0.1,4,1.7,0.1,4,,,,,,,398.1071706,1.28825E-06,4,331.1311215,1.77828E-06,4,89.12509381,8.31764E-06,4,104.7128548,7.76247E-06,4,9.120108394,2.29087E-06,4,0.398107171,2.51189E-06,4,275.4228703,2.39883E-06,4,64.5654229,1.25893E-06,4,741.3102413,1.23027E-06,4,831.7637711,1.54882E-06,4,,,,,,,148,2,,,,,,,0.063715814,0.006646263,,,,,0,0.001730104,,,0.161180956,3.55E-15,-0.184206808,9.83E-18,,,-3.131515725,9.97E-12,-1.450628609,1.14E-16,0.115129255,1.56E-18
149,9,Vivia Loaiza Puerta,2019,Applied Soil Ecology,11,Switzerland,European,8.53,47.44,Cold,9.4,1054,1.11,Loam,43,34,23,Low,1.4,0.86,Neutral,7.3,Non-legume,maize,Upland,Conservation,Organic,High,340,Incorporated,7.5,,<5yr,4,10,,,,,,,,,,,,,,,,,,,31.3768,10.344,4,35.342,5.8616,4,,,,,,,,,,,,,1.8,0.2,4,2.1,0.1,4,,,,,,,645.654229,2.13796E-06,4,181.9700859,3.98107E-06,4,562.3413252,6.16595E-06,4,72.44359601,2.81838E-06,4,7.943282347,5.62341E-06,4,2.511886432,1.34896E-06,4,66.0693448,1.7378E-06,4,87.096359,1.94984E-06,4,588.8436554,1.23027E-06,4,794.3282347,1.20226E-06,4,,,,,,,149,2,,,,,,,0.119003292,0.034047491,,,,,0.15415068,0.003653313,,,-2.049300733,4.08E-16,-1.266421801,1.22E-16,,,-1.151292546,1.97E-13,0.276310211,2.98E-16,0.299336062,1.66E-18
150,9,Vivia Loaiza Puerta,2019,Applied Soil Ecology,11,Switzerland,European,8.53,47.44,Cold,9.4,1054,1.11,Loam,43,34,23,Low,1.4,0.86,Neutral,7.3,Legume,maize,Upland,Conventional,Inorganic,High,320,Incorporated,7.5,,<5yr,4,10,,,,,,,,,,,,,,,,,,,30.6872,5.6892,4,27.584,4.6548,4,,,,,,,,,,,,,1.7,0.1,4,1.7,0.1,4,,,,,,,457.0881896,2.23872E-06,4,37.15352291,0.000128825,4,16.98243652,7.94328E-05,4,151.3561248,2.5704E-05,4,16.98243652,3.98107E-06,4,0.812830516,1.99526E-05,4,288.4031503,1.47911E-06,4,10.47128548,3.38844E-05,4,851.1380382,1.23027E-06,4,812.8305162,1.23027E-06,4,,,,,,,150,2,,,,,,,-0.106609735,0.015711806,,,,,0,0.001730104,,,2.187455838,5.48E-12,-2.509817751,3.01E-12,,,-3.039412323,1.51E-10,-3.315722534,2.62E-12,-0.046051702,1.10E-18
151,9,Vivia Loaiza Puerta,2019,Applied Soil Ecology,11,Switzerland,European,8.53,47.44,Cold,9.4,1054,1.11,Loam,43,34,23,Low,1.4,0.86,Neutral,7.3,Legume,maize,Upland,Conservation,Inorganic,High,320,Incorporated,7.5,,<5yr,4,10,,,,,,,,,,,,,,,,,,,24.136,3.7928,4,29.8252,3.6204,4,,,,,,,,,,,,,1.6,0.2,4,1.7,0.1,4,,,,,,,218.7761624,6.16595E-06,4,446.6835922,7.76247E-06,4,35.48133892,4.89779E-06,4,331.1311215,1.7378E-05,4,0.45708819,7.24436E-06,4,21.3796209,3.63078E-06,4,117.4897555,1.1749E-06,4,263.0267992,2.04174E-06,4,616.5950019,1.8197E-06,4,1122.018454,1.41254E-06,4,,,,,,,151,2,,,,,,,0.211649172,0.009857188,,,,,0.060624622,0.004771302,,,2.23350754,5.45E-15,0.713801379,2.74E-16,,,3.845317105,6.28E-11,0.805904783,4.01E-17,0.598672124,2.57E-18
152,9,Vivia Loaiza Puerta,2019,Applied Soil Ecology,11,Switzerland,European,8.53,47.44,Cold,9.4,1054,1.11,Loam,43,34,23,Low,1.4,0.86,Neutral,7.3,Legume,maize,Upland,Conventional,Organic,High,340,Incorporated,7.5,,<5yr,4,10,,,,,,,,,,,,,,,,,,,26.2048,1.3792,4,23.4464,1.2068,4,,,,,,,,,,,,,1.7,0.1,4,1.6,0.1,4,,,,,,,398.1071706,1.28825E-06,4,295.1209227,1.23027E-06,4,89.12509381,8.31764E-06,4,162.1810097,6.16595E-06,4,9.120108394,2.29087E-06,4,3.89045145,2.29087E-06,4,275.4228703,2.39883E-06,4,66.0693448,5.7544E-06,4,741.3102413,1.23027E-06,4,575.4399373,1.28825E-06,4,,,,,,,152,2,,,,,,,-0.111225635,0.001354826,,,,,-0.060624622,0.001841614,,,0.598672124,2.54E-15,-0.299336062,6.96E-18,,,-0.851956484,1.02E-13,-1.427602758,1.92E-15,-0.25328436,1.94E-18
153,9,Vivia Loaiza Puerta,2019,Applied Soil Ecology,11,Switzerland,European,8.53,47.44,Cold,9.4,1054,1.11,Loam,43,34,23,Low,1.4,0.86,Neutral,7.3,Legume,maize,Upland,Conservation,Organic,High,340,Incorporated,7.5,,<5yr,4,10,,,,,,,,,,,,,,,,,,,31.3768,10.344,4,38.9624,6.5512,4,,,,,,,,,,,,,1.8,0.2,4,2,0.1,4,,,,,,,645.654229,2.13796E-06,4,52.48074602,4.46684E-06,4,562.3413252,6.16595E-06,4,123.0268771,3.0903E-06,4,7.943282347,5.62341E-06,4,2.818382931,1.05925E-06,4,66.0693448,1.7378E-06,4,7.413102413,2.13796E-05,4,588.8436554,1.23027E-06,4,676.0829754,1.8197E-06,4,,,,,,,153,2,,,,,,,0.216528312,0.03423853,,,,,0.105360516,0.00371142,,,-1.519706161,1.88E-16,-2.509817751,1.81E-15,,,-1.036163292,1.61E-13,-2.187455838,2.08E-12,0.138155106,2.90E-18
154,9,Vivia Loaiza Puerta,2019,Applied Soil Ecology,11,Switzerland,European,8.53,47.44,Cold,9.4,1054,1.11,Loam,43,34,23,Low,1.4,0.86,Neutral,7.3,Mixture,maize,Upland,Conventional,Inorganic,High,320,Incorporated,7.5,,<5yr,4,10,,,,,,,,,,,,,,,,,,,30.6872,5.6892,4,27.9288,3.6204,4,,,,,,,,,,,,,1.7,0.1,4,1.7,0.1,4,,,,,,,457.0881896,2.23872E-06,4,416.8693835,2.88403E-06,4,16.98243652,7.94328E-05,4,501.1872336,5.01187E-06,4,16.98243652,3.98107E-06,4,5.495408739,4.89779E-06,4,288.4031503,1.47911E-06,4,112.2018454,1.34896E-06,4,851.1380382,1.23027E-06,4,831.7637711,2.34423E-06,4,,,,,,,154,2,,,,,,,-0.094187215,0.012793625,,,,,0,0.001730104,,,3.384800087,5.47E-12,-0.092103404,1.80E-17,,,-1.128266695,2.12E-13,-0.944059888,4.27E-17,-0.023025851,2.51E-18
155,9,Vivia Loaiza Puerta,2019,Applied Soil Ecology,11,Switzerland,European,8.53,47.44,Cold,9.4,1054,1.11,Loam,43,34,23,Low,1.4,0.86,Neutral,7.3,Mixture,maize,Upland,Conservation,Inorganic,High,320,Incorporated,7.5,,<5yr,4,10,,,,,,,,,,,,,,,,,,,24.136,3.7928,4,32.2388,15.516,4,,,,,,,,,,,,,1.6,0.2,4,1.7,0.4,4,,,,,,,218.7761624,6.16595E-06,4,371.5352291,2.0893E-06,4,35.48133892,4.89779E-06,4,380.1893963,4.67735E-06,4,0.45708819,7.24436E-06,4,6.165950019,1.7378E-06,4,117.4897555,1.1749E-06,4,79.43282347,3.16228E-06,4,616.5950019,1.8197E-06,4,562.3413252,2.88403E-06,4,,,,,,,155,2,,,,,,,0.289466194,0.064081903,,,,,0.060624622,0.01774708,,,2.371662646,4.80E-15,0.529594571,2.06E-16,,,2.601921154,6.28E-11,-0.391439466,4.21E-16,-0.092103404,8.75E-18
156,9,Vivia Loaiza Puerta,2019,Applied Soil Ecology,11,Switzerland,European,8.53,47.44,Cold,9.4,1054,1.28,Loam,43,34,23,Low,1.4,1.363486,Alkaline,7.7,Mixture,maize,Upland,Conventional,Organic,High,340,Incorporated,7.5,,<5yr,4,10,,,,,,,,,,,,,,,,,,,26.2048,1.3792,4,23.7912,2.0688,4,,,,,,,,,,,,,1.7,0.1,4,1.5,0.1,4,,,,,,,398.1071706,1.28825E-06,4,512.861384,4.2658E-06,4,89.12509381,8.31764E-06,4,138.0384265,5.37032E-06,4,9.120108394,2.29087E-06,4,0.912010839,2.0893E-05,4,275.4228703,2.39883E-06,4,79.43282347,1.20226E-06,4,741.3102413,1.23027E-06,4,562.3413252,1.44544E-06,4,,,,,,,156,2,,,,,,,-0.096626836,0.00258288,,,,,-0.125163143,0.001976163,,,0.437491168,2.56E-15,0.25328436,1.99E-17,,,-2.302585093,1.31E-10,-1.24339595,7.62E-17,-0.276310211,2.34E-18
157,9,Vivia Loaiza Puerta,2019,Applied Soil Ecology,11,Switzerland,European,8.53,47.44,Cold,9.4,1054,1.28,Loam,43,34,23,Low,1.4,1.363486,Alkaline,7.7,Mixture,maize,Upland,Conservation,Organic,High,340,Incorporated,7.5,,<5yr,4,10,,,,,,,,,,,,,,,,,,,31.3768,10.344,4,33.9628,4.8272,4,,,,,,,,,,,,,1.8,0.2,4,1.9,0.2,4,,,,,,,645.654229,2.13796E-06,4,933.2543008,2.51189E-06,4,562.3413252,6.16595E-06,4,512.861384,6.16595E-06,4,7.943282347,5.62341E-06,4,18.62087137,2.13796E-06,4,66.0693448,1.7378E-06,4,154.8816619,2.0893E-06,4,588.8436554,1.23027E-06,4,851.1380382,1.69824E-06,4,,,,,,,157,2,,,,,,,0.079197042,0.032221006,,,,,0.054067221,0.005856503,,,-0.092103404,6.62E-17,0.368413615,4.55E-18,,,0.851956485,1.29E-13,0.851956484,2.18E-16,0.368413615,2.09E-18
158,10,Zhine Wang,2024,Applied Soil Ecology,12,America,North America,-79.73,34.3,Temperate,17.85,1186,1.27,Sandy Loam,79,14,7,Low,9.827185,0.05,Neutral,7.2,Mixture,others,Upland,Conventional,Inorganic,Low,97,Removed,7.5,,<5yr,2,4,,,,,,,6.7,0.2,4,6.4,0.2,4,,,,,,,,,,,,,3.5,0.3,4,4.8,1.2,4,1.4,0.1,4,2.2,0.2,4,,,,,,,1.011765,0.305882,4,0.9411765,0.1764705,4,,,,,,,,,,,,,,,,,,,3.283019,1.16981E-06,4,1.169811,0.339623,4,0.9056604,0.3584906,4,0.490566,0.1320755,4,,,,,,,158,1,,,-0.045809536,0.000466907,,,,,0.451985124,0.003341626,0.315852949,0.017461735,,,-0.072320921,0.031639176,,,,,,,,,-1.031921229,0.021071856,-0.613104575,0.057292325
159,10,Zhine Wang,2024,Applied Soil Ecology,12,America,North America,-79.73,34.3,Temperate,17.85,1186,1.27,Sandy Loam,79,14,7,Low,9.827185,0.05,Neutral,7.2,Mixture,others,Upland,Conventional,Organic,High,368,Removed,7.5,,<5yr,2,4,,,,,,,6.8,0.2,4,6.6,0.1,4,,,,,,,,,,,,,4,0.5,4,5.9,1.1,4,2.1,0.4,4,3.3,0.2,4,,,,,,,0.7176471,0.1294117,4,1.364706,0.2,4,,,,,,,,,,,,,,,,,,,1.698113,3.24528E-06,4,3.245283,1.09434,4,1.056604,0.415094,4,1.018868,0.641509,4,,,,,,,159,1,,,-0.029852963,0.000273655,,,,,0.451985124,0.009988568,0.38865799,0.012596282,,,0.642716356,0.013498877,,,,,,,,,0.647684923,0.028427548,-0.036367784,0.137692323
160,10,Zhine Wang,2024,Applied Soil Ecology,12,America,North America,-79.73,34.3,Temperate,17.85,1186,1.27,Sandy Loam,79,14,7,Low,9.827185,0.05,Neutral,7.2,Non-legume,others,Upland,Conventional,Inorganic,Low,57,Removed,7.5,,<5yr,2,4,,,,,,,6.7,0.2,4,6.5,0.1,4,,,,,,,,,,,,,3.5,0.3,4,3.9,1.2,4,1.4,0.1,4,2.4,0.8,4,,,,,,,1.011765,0.305882,4,1.117647,0.164706,4,,,,,,,,,,,,,,,,,,,3.283019,1.39623E-06,4,1.396226,0.415095,4,0.9056604,0.3584906,4,0.4150943,0.1132076,4,,,,,,,160,1,,,-0.030305349,0.000281938,,,,,0.538996501,0.029053288,0.108213585,0.025505374,,,0.099529252,0.028279494,,,,,,,,,-0.854990544,0.022096504,-0.780158678,0.057766075
161,10,Zhine Wang,2024,Applied Soil Ecology,12,America,North America,-79.73,34.3,Temperate,17.85,1186,1.27,Sandy Loam,79,14,7,Low,9.827185,0.05,Neutral,7.2,Non-legume,others,Upland,Conventional,Organic,High,337,Removed,7.5,,<5yr,2,4,,,,,,,6.8,0.2,4,6.9,0.1,4,,,,,,,,,,,,,4,0.5,4,4.1,0.8,4,2.1,0.4,4,3.1,0.6,4,,,,,,,0.7176471,0.1294117,4,0.9058824,0.1294116,4,,,,,,,,,,,,,,,,,,,1.698113,1.58491E-06,4,1.584906,0.415094,4,1.056604,0.415094,4,0.6415094,6.7169816,4,,,,,,,161,1,,,0.014598799,0.000268773,,,,,0.389464767,0.018435539,0.024692613,0.013424394,,,0.232931552,0.013231553,,,,,,,,,-0.068992535,0.017148491,-0.498991433,27.44689532
162,10,Zhine Wang,2024,Applied Soil Ecology,12,America,North America,-79.73,34.3,Temperate,17.85,1186,1.27,Sandy Loam,79,14,7,Low,9.827185,0.05,Neutral,7.2,Legume,others,Upland,Conventional,Inorganic,Medium,103,Removed,7.5,,<5yr,2,4,,,,,,,6.7,0.2,4,6.7,0.2,4,,,,,,,,,,,,,3.5,0.3,4,5,1.5,4,1.4,0.1,4,2.2,0.1,4,,,,,,,1.011765,0.305882,4,0.7882353,0.1882353,4,,,,,,,,,,,,,,,,,,,3.283019,1.0566E-06,4,1.056604,0.301887,4,0.9056604,0.3584906,4,1.245283,0.509434,4,,,,,,,162,1,,,0,0.000445534,,,,,0.451985124,0.001792039,0.356674944,0.024336735,,,-0.24965496,0.037107197,,,,,,,,,-1.133703434,0.020408183,0.318453691,0.081009863
163,10,Zhine Wang,2024,Applied Soil Ecology,12,America,North America,-79.73,34.3,Temperate,17.85,1186,1.27,Sandy Loam,79,14,7,Low,9.827185,0.05,Neutral,7.2,Legume,others,Upland,Conventional,Organic,High,370,Removed,7.5,,<5yr,2,4,,,,,,,6.8,0.2,4,6.7,0.1,4,,,,,,,,,,,,,4,0.5,4,10.2,3.3,4,2.1,0.4,4,2.8,0.3,4,,,,,,,0.7176471,0.1294117,4,1.341176,0.458824,4,,,,,,,,,,,,,,,,,,,1.698113,2.56604E-06,4,2.566038,0.867924,4,1.056604,0.415094,4,1.90566,0.396227,4,,,,,,,163,1,,,-0.014815086,0.000271955,,,,,0.287682072,0.011940193,0.936093359,0.03007407,,,0.625324176,0.037388609,,,,,,,,,0.412845441,0.028600738,0.589768414,0.049391904
164,11,Lu Yang,2019,Applied Soil Ecology,13,Chi,Asia,112.47,29.22,Temperate,13.14985,546.1807,1.27,Loam,39.5072,40.4928,20,Low,9.827185,3.28,Alkaline,7.7,Legume,rice,Paddy,Conventional,Inorganic,Low,0,Incorporated,10,,>5yr,6,12,,,,,,,7.73,0.01,3,7.67,0.01,3,,,,,,,44.5,0.4,3,45.9,0.4,3,25.8,0.9,3,25.7,2.3,3,5.6,1.3,3,5.5,1.4,3,2.7,0.1,3,2.8,0,3,4.407583,1.137441,3,17.63033,2.55924,3,,,,,,,,,,,,,,,,,,,,,,,,,,,,,,,,,,,,,164,1,,,-0.007792247,1.12E-06,,,0.030975928,5.22E-05,-0.018018506,0.039561232,-0.0038835,0.00307536,0.036367644,0.000457247,1.386294248,0.029223032,,,,,,,,,,,,
165,11,Lu Yang,2019,Applied Soil Ecology,13,Chi,Asia,112.47,29.22,Temperate,13.14985,546.1807,1.27,Loam,39.5072,40.4928,20,Low,9.827185,3.28,Alkaline,7.7,Legume,rice,Paddy,Conventional,Inorganic,High,264,Incorporated,10,,>5yr,6,12,,,,,,,7.73,0.01,3,7.69,0.02,3,,,,,,,44.5,0.4,3,46.2,1,3,25.8,0.9,3,30,4.9,3,5.6,1.3,3,4.3,1.6,3,2.7,0.1,3,2.8,0,3,4.407583,1.137441,3,23.03318,3.12796,3,,,,,,,,,,,,,,,,,,,,,,,,,,,,,,,,,,,,,165,1,,,-0.005188079,2.81E-06,,,0.037490609,0.000183102,-0.264151575,0.064114508,0.15082289,0.009298217,0.036367644,0.000457247,1.653609318,0.028346533,,,,,,,,,,,,
166,11,Lu Yang,2019,Applied Soil Ecology,13,Chi,Asia,112.47,29.22,Temperate,13.14985,546.1807,1.27,Loam,39.5072,40.4928,20,Low,9.827185,3.28,Alkaline,7.7,Legume,rice,Paddy,Conservation,Organic,High,264,Incorporated,10,,>5yr,6,12,,,,,,,7.73,0.01,3,7.68,0.02,3,,,,,,,44.5,0.4,3,44.3,1,3,25.8,0.9,3,35.9,2.6,3,5.6,1.3,3,3.8,1.7,3,2.7,0.1,3,2.8,0.1,3,4.407583,1.137441,3,21.18483,0.99526,3,,,,,,,,,,,,,,,,,,,,,,,,,,,,,,,,,,,,,166,1,,,-0.006489315,2.82E-06,,,-0.004504512,0.000196785,-0.387765531,0.08467627,0.330362804,0.002154008,0.036367644,0.000882417,1.569958893,0.022934809,,,,,,,,,,,,
167,11,Lu Yang,2019,Applied Soil Ecology,13,Chi,Asia,112.47,29.22,Temperate,13.14985,546.1807,1.27,Loam,39.5072,40.4928,20,Low,9.827185,3.28,Alkaline,7.7,Legume,rice,Paddy,Conservation,Organic,Low,0,Incorporated,10,,>5yr,6,12,,,,,,,7.73,0.01,3,7.67,0.01,3,,,,,,,44.5,0.4,3,46,0.9,3,25.8,0.9,3,34.2,4,3,5.6,1.3,3,5.2,1.3,3,2.7,0.1,3,2.8,0,3,4.407583,1.137441,3,25.0237,1.99052,3,,,,,,,,,,,,,,,,,,,,,,,,,,,,,,,,,,,,,167,1,,,-0.007792247,1.12E-06,,,0.033152207,0.000154532,-0.074107972,0.038796769,0.281851152,0.004965432,0.036367644,0.000457247,1.736496909,0.024308263,,,,,,,,,,,,
168,11,Lu Yang,2019,Applied Soil Ecology,13,Chi,Asia,112.47,29.22,Temperate,13.14985,546.1807,1.27,Loam,39.5072,40.4928,20,Low,9.827185,3.28,Alkaline,7.7,Legume,rice,Paddy,Conventional,Inorganic,Low,0,Incorporated,10,,>5yr,6,4,,,,,,,7.79,0.05,3,7.73,0.02,3,,,,,,,46,3.3,3,45.7,0.2,3,2.6,0.3,3,4.7,0.8,3,1.2,0.6,3,1.4,0.8,3,2.7,0.2,3,2.7,0,3,11.09005,1.99052,3,12.51185,0.56872,3,,,,,,,,,,,,,,,,,,,,,,,,,,,,,,,,,,,,,168,2,,,-0.007731997,1.60E-05,,,-0.006543099,0.001721885,0.15415068,0.192176871,0.592051064,0.014095332,0,0.001828989,0.120627885,0.011427234,,,,,,,,,,,,
169,11,Lu Yang,2019,Applied Soil Ecology,13,Chi,Asia,112.47,29.22,Temperate,13.14985,546.1807,1.27,Loam,39.5072,40.4928,20,Low,9.827185,3.28,Alkaline,7.7,Legume,rice,Paddy,Conventional,Inorganic,High,264,Incorporated,10,,>5yr,6,4,,,,,,,7.79,0.05,3,7.77,0.04,3,,,,,,,46,3.3,3,43.6,0.3,3,2.6,0.3,3,3.4,0.2,3,1.2,0.6,3,2.7,0,3,2.7,0.2,3,2.6,0,3,11.09005,1.99052,3,14.64455,1.27962,3,,,,,,,,,,,,,,,,,,,,,,,,,,,,,,,,,,,,,169,2,,,-0.002570696,2.26E-05,,,-0.053584246,0.001731282,0.810930216,0.083333333,0.268263987,0.005591272,-0.037740328,0.001828989,0.278019943,0.013283535,,,,,,,,,,,,
170,11,Lu Yang,2019,Applied Soil Ecology,13,Chi,Asia,112.47,29.22,Temperate,13.14985,546.1807,1.27,Loam,39.5072,40.4928,20,Low,9.827185,3.28,Alkaline,7.7,Legume,rice,Paddy,Conservation,Organic,High,264,Incorporated,10,,>5yr,6,4,,,,,,,7.79,0.05,3,7.85,0.03,3,,,,,,,46,3.3,3,46.8,2.1,3,2.6,0.3,3,3.3,0.3,3,1.2,0.6,3,2,0.5,3,2.7,0.2,3,2.9,0.1,3,11.09005,1.99052,3,15.21327,0.56872,3,,,,,,,,,,,,,,,,,,,,,,,,,,,,,,,,,,,,,170,2,,,0.007672672,1.86E-05,,,0.017241806,0.00238666,0.510825624,0.104166667,0.238411023,0.007192691,0.071458964,0.002225343,0.316119763,0.011204363,,,,,,,,,,,,
171,11,Lu Yang,2019,Applied Soil Ecology,13,Chi,Asia,112.47,29.22,Temperate,13.14985,546.1807,1.27,Loam,39.5072,40.4928,20,Low,9.827185,3.28,Alkaline,7.7,Legume,rice,Paddy,Conservation,Organic,Low,0,Incorporated,10,,>5yr,6,4,,,,,,,7.79,0.05,3,7.87,0.02,3,,,,,,,46,3.3,3,43,1.2,3,2.6,0.3,3,4.3,0.5,3,1.2,0.6,3,2.4,0.1,3,2.7,0.2,3,2.6,0,3,11.09005,1.99052,3,12.08531,0.85308,3,,,,,,,,,,,,,,,,,,,,,,,,,,,,,,,,,,,,,171,2,,,0.010217203,1.59E-05,,,-0.067441281,0.001975101,0.693147181,0.083912037,0.503103578,0.008944811,-0.037740328,0.001828989,0.085942356,0.012399427,,,,,,,,,,,,
172,12,Rui Liu,2024,Science of the Total Environment,14,Chi,Asia,103.07,38.55,Arid,13.14985,546.1807,1.27,Loam,39.5072,40.4928,20,Low,9.827185,1.14,Alkaline,8.16,Legume,maize,Upland,Conventional,Inorganic,High,231,Incorporated,10,,<5yr,2,4,14659.09091,113.6363636,3,13068.18182,340.9090909,3,,,,,,,0.134136546,0.004016064,3,0.137349398,0.004016064,3,,,,,,,,,,,,,,,,,,,,,,,,,,,,,,,13425.41,3314.92,3,15248.62,1325.97,3,4528.302,707.547,3,12311.32,1132.08,3,134042.6,27659.5,3,240425.5,12766,3,80568.72,2843.6,3,50236.97,2843.6,3,115876.8,9952.6,3,70379.15,7819.9,3,,,,,,,172,1,-0.114880276,0.000246874,,,0.023669748,0.000583791,,,,,,,,,,,1.00017213,0.010956554,0.127339827,0.022842644,1.072636589,0.010919012,0.58425261,0.015133028,-0.472359275,0.001483219,-0.498630503,0.006574222
173,12,Rui Liu,2024,Science of the Total Environment,14,Chi,Asia,103.07,38.55,Arid,13.14985,546.1807,1.27,Loam,39.5072,40.4928,20,Low,9.827185,1.14,Alkaline,8.16,Legume,maize,Upland,Conventional,Inorganic,High,231,Incorporated,10,,<5yr,2,4,14659.09091,113.6363636,3,15454.54545,454.5454545,3,,,,,,,0.134136546,0.004016064,3,0.16064257,0.004819277,3,,,,,,,,,,,,,,,,,,,,,,,,,,,,,,,13425.41,3314.92,3,30165.75,662.98,3,4528.302,707.547,3,21084.91,3396.22,3,134042.6,27659.5,3,346808.5,34042.6,3,80568.72,2843.6,3,48341.23,7582.94,3,115876.8,9952.6,3,81042.65,9952.61,3,,,,,,,173,1,0.052842481,0.000308381,,,0.180323554,0.000598804,,,,,,,,,,,1.538210584,0.016786239,0.809557995,0.020483163,1.466336913,0.004253408,0.950615095,0.017405017,-0.510825665,0.008617202,-0.357551998,0.007486194
174,12,Rui Liu,2024,Science of the Total Environment,14,Chi,Asia,103.07,38.55,Arid,13.14985,546.1807,1.27,Loam,39.5072,40.4928,20,Low,9.827185,1.14,Alkaline,8.16,Legume,maize,Upland,Conventional,Inorganic,High,231,Incorporated,10,,<5yr,2,4,14659.09091,113.6363636,3,15681.81818,1022.727273,3,,,,,,,0.134136546,0.004016064,3,0.151004016,0.008032129,3,,,,,,,,,,,,,,,,,,,,,,,,,,,,,,,13425.41,3314.92,3,13093.92,2154.7,3,4528.302,707.547,3,9339.623,2264.147,3,134042.6,27659.5,3,255319.1,55319.2,3,80568.72,2843.6,3,50236.97,4739.33,3,115876.8,9952.6,3,77488.15,7819.91,3,,,,,,,174,1,0.067441281,0.0014378,,,0.118448151,0.001241915,,,,,,,,,,,0.723918853,0.027727785,-0.02500118,0.029348521,0.825074838,0.009566298,0.644356476,0.029841428,-0.472359275,0.003381871,-0.402402536,0.005853782
175,13,Mark D. McDold,2021,Frontiers in Environmental Science,15,America,North America,-101.827,33.687,Arid,16.1,481,1.27,Loam,39.5072,40.4928,20,Low,9.827185,0.928865,Alkaline,8.3,Non-legume,maize,Upland,Conservation,Inorganic,Low,0,Incorporated,7.5,,<5yr,1,4,,,,,,,7.4,0.166155698,3,7.4,0.135447082,3,,,,,,,,,,,,,16.1,14.4,3,5.7,3.6,3,5.3,5.8,3,8.9,6.7,3,,,,,,,,,,,,,,,,,,,,,,,,,414,37.94970055,3,518,55.78065018,3,,,,,,,,,,,,,194,2.57388E-10,3,319,6.88772E-09,3,175,1,,,0,0.000279727,,,,,0.518344456,0.588100194,-1.038353097,0.399620368,,,,,,,,,,,0.224109268,,,,,
176,13,Mark D. McDold,2021,Frontiers in Environmental Science,15,America,North America,-101.827,33.687,Arid,16.1,481,1.27,Loam,39.5072,40.4928,20,Low,9.827185,0.928865,Alkaline,8.3,Non-legume,maize,Upland,Conservation,Inorganic,High,168,Incorporated,7.5,,<5yr,1,4,,,,,,,7.4,0.166155698,3,7.4,0.135447082,3,,,,,,,,,,,,,34.3,20.6,3,38,26.4,3,17.6,13.6,3,25.5,24,3,,,,,,,,,,,,,,,,,,,,,,,,,397,36.39137952,3,406,43.71996906,3,,,,,,,,,,,,,221,2.9321E-10,3,265,5.72177E-09,3,176,1,,,0,0.000279727,,,,,0.37077955,0.494306862,0.102440806,0.281119776,,,,,,,,,,,0.022416879,,,,,
177,13,Mark D. McDold,2021,Frontiers in Environmental Science,15,America,North America,-101.827,33.687,Arid,16.1,481,1.27,Loam,39.5072,40.4928,20,Low,9.827185,0.928865,Alkaline,8.3,Non-legume,maize,Upland,Conservation,Inorganic,High,168,Incorporated,7.5,,<5yr,1,4,,,,,,,7.4,0.166155698,3,7.5,0.137277448,3,,,,,,,,,,,,,23.2,25,3,0,0.1,3,11.7,3.5,3,14.4,0.1,3,,,,,,,,,,,,,,,,,,,,,,,,,538,49.31627753,3,429,46.19671607,3,,,,,,,,,,,,,206,2.73309E-10,3,229,4.94448E-09,3,177,1,,,0.01342302,0.000279727,,,,,0.207639365,0.029845378,,,,,,,,,,,,,-0.226401641,,,,,
178,13,Mark D. McDold,2021,Frontiers in Environmental Science,15,America,North America,-101.827,33.687,Arid,16.1,481,1.27,Loam,39.5072,40.4928,20,Low,9.827185,0.928865,Alkaline,8.3,Non-legume,maize,Upland,Conservation,Inorganic,High,168,Incorporated,7.5,,<5yr,1,4,,,,,,,7.4,0.166155698,3,7.5,0.137277448,3,,,,,,,,,,,,,43.6,15.3,3,23.7,24.6,3,10.5,9.2,3,7.9,4.1,3,,,,,,,,,,,,,,,,,,,,,,,,,260,23.83314528, ,448,48.24272448,3,,,,,,,,,,,,,249,3.30359E-10,3,297,6.41271E-09,3,178,1,,,0.01342302,0.000279727,,,,,-0.284512498,0.34568587,-0.609582102,0.400178162,,,,,,,,,,,0.544111601,,,,,
179,13,Mark D. McDold,2021,Frontiers in Environmental Science,15,America,North America,-101.827,33.687,Arid,16.1,481,1.27,Loam,39.5072,40.4928,20,Low,9.827185,0.928865,Alkaline,8.3,Non-legume,maize,Upland,Conservation,Inorganic,High,168,Incorporated,7.5,,<5yr,1,4,,,,,,,7.4,0.166155698,3,7.4,0.135447082,3,,,,,,,,,,,,,29.6,16.5,3,41.4,34.6,3,9.2,5.7,3,20.2,23.8,3,,,,,,,,,,,,,,,,,,,,,,,,,350,32.08308018,3,647,69.67197039,3,,,,,,,,,,,,,251,3.33013E-10,3,358,7.72979E-09,3,179,1,,,0,0.000279727,,,,,0.78647912,0.590686098,0.33550652,0.33640232,,,,,,,,,,,0.61441314,,,,,
180,13,Mark D. McDold,2021,Frontiers in Environmental Science,15,America,North America,-101.827,33.687,Arid,16.1,481,1.27,Loam,39.5072,40.4928,20,Low,9.827185,0.928865,Alkaline,8.3,Non-legume,maize,Upland,Conservation,Inorganic,Low,0,Incorporated,7.5,,<5yr,2,4,,,,,,,7.4,0.166155698,3,7.4,0.135447082,3,,,,,,,,,,,,,4.4,1.9,3,3.5,5.2,3,0.3,0.5,3,3.2,2.8,3,,,,,,,,,,,,,,,,,,,,,,,,,140,12.83323207,3,113,12.16836577,3,,,,,,,,,,,,,516,6.846E-10,3,542,1.17026E-08,3,180,1,,,0,0.000279727,,,,,2.367123614,1.181134259,-0.228841572,0.79793796,,,,,,,,,,,-0.214254604,,,,,
181,13,Mark D. McDold,2021,Frontiers in Environmental Science,15,America,North America,-101.827,33.687,Arid,16.1,481,1.27,Loam,39.5072,40.4928,20,Low,9.827185,0.928865,Alkaline,8.3,Non-legume,maize,Upland,Conservation,Inorganic,High,168,Incorporated,7.5,,<5yr,2,4,,,,,,,7.4,0.166155698,3,7.5,0.137277448,3,,,,,,,,,,,,,63,35.3,3,18.1,12.8,3,5.2,2.3,3,2.3,0.6,3,,,,,,,,,,,,,,,,,,,,,,,,,750,68.74945752,3,878,94.5471252,3,,,,,,,,,,,,,429,5.69173E-10,3,312,6.73658E-09,3,181,1,,,0.01342302,0.000279727,,,,,-0.815749503,0.087896342,-1.247222788,0.271354164,,,,,,,,,,,0.157573387,,,,,
182,13,Mark D. McDold,2021,Frontiers in Environmental Science,15,America,North America,-101.827,33.687,Arid,16.1,481,1.27,Loam,39.5072,40.4928,20,Low,9.827185,0.928865,Alkaline,8.3,Non-legume,maize,Upland,Conservation,Inorganic,High,168,Incorporated,7.5,,<5yr,2,4,,,,,,,7.4,0.166155698,3,7.5,0.137277448,3,,,,,,,,,,,,,17.4,6.7,3,0.5,0.9,3,0,0,3,0.2,0.3,3,,,,,,,,,,,,,,,,,,,,,,,,,115,10.54158349,3,117,12.59910438,3,,,,,,,,,,,,,500,6.63372E-10,3,488,1.05367E-08,3,182,1,,,0.01342302,0.000279727,,,,,,,-3.549617387,1.129423085,,,,,,,,,,,0.017241806,,,,,
183,13,Mark D. McDold,2021,Frontiers in Environmental Science,15,America,North America,-101.827,33.687,Arid,16.1,481,1.27,Loam,39.5072,40.4928,20,Low,9.827185,0.928865,Alkaline,8.3,Non-legume,maize,Upland,Conservation,Inorganic,High,168,Incorporated,7.5,,<5yr,2,4,,,,,,,7.4,0.166155698,3,7.5,0.137277448,3,,,,,,,,,,,,,49.8,5.7,3,12.1,12.2,3,8.1,8.4,3,5.3,9.2,3,,,,,,,,,,,,,,,,,,,,,,,,,108,9.899921883,3,864,93.03954006,3,,,,,,,,,,,,,442,5.86421E-10,3,478,1.03208E-08,3,183,1,,,0.01342302,0.000279727,,,,,-0.424157241,1.362872588,-1.414809531,0.343232607,,,,,,,,,,,2.079441542,,,,,
184,13,Mark D. McDold,2021,Frontiers in Environmental Science,15,America,North America,-101.827,33.687,Arid,16.1,481,1.27,Loam,39.5072,40.4928,20,Low,9.827185,0.928865,Alkaline,8.3,Non-legume,maize,Upland,Conservation,Inorganic,High,168,Incorporated,7.5,,<5yr,2,4,,,,,,,7.4,0.166155698,3,7.5,0.137277448,3,,,,,,,,,,,,,4.3,4.6,3,28.5,45.9,3,0,0,3,3.7,6.4,3,,,,,,,,,,,,,,,,,,,,,,,,,151,13.84155745,3,973,104.7771672,3,,,,,,,,,,,,,580,7.69512E-10,3,439,9.47871E-09,3,184,1,,,0.01342302,0.000279727,,,,,,,1.891289065,1.246065798,,,,,,,,,,,1.863104245,,,,,
185,14,Vivia Loaiza Puerta,2019,Vivia Loaiza Puerta,16,Switzerland,Europe,8.53,47.44,Cold,9.4,1054,1.27,Loam,43,34,23,Low,9.827185,0.928865,Alkaline,8.3,Legume,wheat,Upland,Conventional,Inorganic,High,320,Incorporated,10,ts+c,<5yr,4,8,,,,,,,,,,,,,,,,,,,36.5488,5.5168,3,37.7556,6.034,3,,,,,,,,,,,,,2.4,0.2,3,2.4,0.4,3,,,,,,,229.0867653,2.23872E-06,3,436.5158322,2.69153E-06,3,30.1995172,2.88403E-06,3,131.8256739,3.63078E-05,3,1,6.60693E-06,3,2.041737945,4.46684E-06,3,134.8962883,1.8197E-06,3,251.1886432,3.46737E-06,3,758.577575,1.02329E-06,3,676.0829754,1.14815E-06,3,3890451.45,5.24807E-06,3,11220184.54,2.5704E-06,3,185,1,,,,,,,0.032485455,0.016108498,,,,,0,0.011574074,,,1.47365446,2.83E-14,0.644723826,4.45E-17,,,0.713801379,1.61E-11,0.621697975,1.24E-16,-0.115129255,1.57E-18
186,14,Vivia Loaiza Puerta,2019,Vivia Loaiza Puerta,16,Switzerland,Europe,8.53,47.44,Cold,9.4,1054,1.27,Loam,43,34,23,Low,9.827185,0.928865,Alkaline,8.3,Legume,wheat,Upland,Conservation,Inorganic,High,320,Incorporated,10,ts+c,<5yr,4,8,,,,,,,,,,,,,,,,,,,36.0316,3.2756,3,44.9964,10.344,3,,,,,,,,,,,,,2.6,0.4,3,2.8,0.2,3,,,,,,,213.796209,7.07946E-06,3,371.5352291,2.69153E-06,3,151.3561248,4.0738E-06,3,234.4228815,2.69153E-06,3,1.548816619,7.4131E-06,3,2.511886432,1.65959E-06,3,128.8249552,1.54882E-06,3,45.70881896,2.04174E-06,3,812.8305162,1.90546E-06,3,602.5595861,1.38038E-06,3,3890451.45,3.38844E-06,3,3311311.215,3.63078E-06,3,186,1,,,,,,,0.222186155,0.020370534,,,,,0.074107972,0.009590227,,,0.437491168,2.85E-16,0.552620422,3.83E-16,,,0.48354287,7.78E-12,-1.036163292,7.13E-16,-0.299336062,3.58E-18
187,14,Vivia Loaiza Puerta,2019,Vivia Loaiza Puerta,16,Switzerland,Europe,8.53,47.44,Cold,9.4,1054,1.27,Loam,43,34,23,Low,9.827185,0.928865,Alkaline,8.3,Legume,wheat,Upland,Conventional,Organic,High,340,Incorporated,10,ts+c,<5yr,4,8,,,,,,,,,,,,,,,,,,,39.652,2.586,3,41.376,0.6896,3,,,,,,,,,,,,,2.7,0,3,2.8,0.2,3,,,,,,,436.5158322,2.81838E-06,3,1096.478196,1.54882E-06,3,831.7637711,7.94328E-06,3,645.654229,9.77237E-06,3,8.317637711,4.36516E-06,3,9.77237221,3.38844E-06,3,104.7128548,1.41254E-06,3,173.7800829,2.18776E-06,3,676.0829754,1.04713E-06,3,676.0829754,1.09648E-06,3,3311311.215,1.51356E-06,3,10471285.48,4.46684E-06,3,187,1,,,,,,,0.042559614,0.001510362,,,,,0.036367644,0.00170068,,,-0.25328436,1.07E-16,0.921034037,1.46E-17,,,0.161180957,1.32E-13,0.506568721,1.13E-16,0,1.68E-18
188,14,Vivia Loaiza Puerta,2019,Vivia Loaiza Puerta,16,Switzerland,Europe,8.53,47.44,Cold,9.4,1054,1.27,Loam,43,34,23,Low,9.827185,0.928865,Alkaline,8.3,Legume,wheat,Upland,Conservation,Organic,High,340,Incorporated,10,ts+c,<5yr,4,8,,,,,,,,,,,,,,,,,,,41.376,3.448,3,43.962,6.3788,3,,,,,,,,,,,,,2.7,0.2,3,2.8,0.3,3,,,,,,,251.1886432,8.12831E-06,3,954.992586,2.0893E-06,3,239.8832919,7.94328E-06,3,281.8382931,7.58578E-05,3,2.290867653,5.62341E-06,3,11.22018454,1.62181E-06,3,107.1519305,1.25893E-06,3,120.2264435,3.46737E-06,3,758.577575,1.25893E-06,3,524.8074602,1.44544E-06,3,3388441.561,1.51356E-05,3,22908676.53,1.94984E-06,3,188,1,,,,,,,0.060624622,0.009332628,,,,,0.036367644,0.00565552,,,0.161180956,2.45E-14,1.335499354,3.51E-16,,,1.588783714,2.02E-12,0.115129255,3.23E-16,-0.368413615,3.45E-18
189,14,Vivia Loaiza Puerta,2019,Vivia Loaiza Puerta,16,Switzerland,Europe,8.53,47.44,Cold,9.4,1054,1.27,Loam,43,34,23,Low,9.827185,0.928865,Alkaline,8.3,Non-legume,wheat,Upland,Conventional,Inorganic,High,320,Incorporated,10,ts+c,<5yr,4,8,,,,,,,,,,,,,,,,,,,36.5488,5.5168,3,40.8588,5.6892,3,,,,,,,,,,,,,2.4,0.2,3,2.8,0.4,3,,,,,,,229.0867653,2.23872E-06,3,354.8133892,1.90546E-06,3,30.1995172,2.88403E-06,3,186.2087137,1.7378E-06,3,1,6.60693E-06,3,4.897788194,1.44544E-06,3,134.8962883,1.8197E-06,3,28.18382931,3.23594E-06,3,758.577575,1.02329E-06,3,489.7788194,1.23027E-06,3,3890451.45,5.24807E-06,3,630957.3445,5.37032E-06,3,189,1,,,,,,,0.111473866,0.014057276,,,,,0.15415068,0.009117536,,,1.819042224,3.07E-15,0.437491167,4.14E-17,,,1.588783714,1.46E-11,-1.565757864,4.45E-15,-0.437491168,2.71E-18
190,14,Vivia Loaiza Puerta,2019,Vivia Loaiza Puerta,16,Switzerland,Europe,8.53,47.44,Cold,9.4,1054,1.27,Loam,43,34,23,Low,9.827185,0.928865,Alkaline,8.3,Non-legume,wheat,Upland,Conservation,Inorganic,High,320,Incorporated,10,ts+c,<5yr,4,8,,,,,,,,,,,,,,,,,,,36.0316,3.2756,3,46.8928,8.4476,3,,,,,,,,,,,,,2.6,0.4,3,2.8,0.3,3,,,,,,,213.796209,7.07946E-06,3,301.995172,3.16228E-05,3,151.3561248,4.0738E-06,3,141.2537545,1.8197E-05,3,1.548816619,7.4131E-06,3,26.91534804,1.94984E-06,3,128.8249552,1.54882E-06,3,213.796209,1.58489E-06,3,812.8305162,1.90546E-06,3,1047.128548,1.58489E-06,3,3890451.45,3.38844E-06,3,5248074.602,4.67735E-06,3,190,1,,,,,,,0.263467814,0.013572475,,,,,0.074107972,0.011716077,,,-0.069077552,5.77E-15,0.345387764,4.02E-15,,,2.855205515,7.64E-12,0.50656872,6.65E-17,0.25328436,2.60E-18
191,14,Vivia Loaiza Puerta,2019,Vivia Loaiza Puerta,16,Switzerland,Europe,8.53,47.44,Cold,9.4,1054,1.27,Loam,43,34,23,Low,9.827185,0.928865,Alkaline,8.3,Non-legume,wheat,Upland,Conventional,Organic,High,340,Incorporated,10,ts+c,<5yr,4,8,,,,,,,,,,,,,,,,,,,39.652,2.586,3,33.7904,2.9308,3,,,,,,,,,,,,,2.7,0,3,2.6,0.3,3,,,,,,,436.5158322,2.81838E-06,3,371.5352291,4.36516E-06,3,831.7637711,7.94328E-06,3,316.227766,2.04174E-05,3,8.317637711,4.36516E-06,3,2.041737945,7.94328E-06,3,104.7128548,1.41254E-06,3,109.6478196,2.04174E-06,3,676.0829754,1.04713E-06,3,575.4399373,1.7378E-06,3,3311311.215,1.51356E-06,3,4570881.896,6.16595E-06,3,191,1,,,,,,,-0.15996465,0.003925405,,,,,-0.037740328,0.00443787,,,-0.967085739,1.42E-15,-0.161180956,5.99E-17,,,-1.404576907,5.14E-12,0.046051702,1.76E-16,-0.161180957,3.84E-18
192,14,Vivia Loaiza Puerta,2019,Vivia Loaiza Puerta,16,Switzerland,Europe,8.53,47.44,Cold,9.4,1054,1.27,Loam,43,34,23,Low,9.827185,0.928865,Alkaline,8.3,Non-legume,wheat,Upland,Conservation,Organic,High,340,Incorporated,10,ts+c,<5yr,4,8,,,,,,,,,,,,,,,,,,,41.376,3.448,3,49.6512,6.2064,3,,,,,,,,,,,,,2.7,0.2,3,2.8,0.2,3,,,,,,,251.1886432,8.12831E-06,3,245.4708916,8.12831E-06,3,239.8832919,7.94328E-06,3,43.65158322,1.94984E-05,3,2.290867653,5.62341E-06,3,11.22018454,1.69824E-05,3,107.1519305,1.25893E-06,3,208.9296131,1.62181E-06,3,758.577575,1.25893E-06,3,645.654229,0.000001,3,3388441.561,1.51356E-05,3,2691534.804,3.46737E-06,3,192,1,,,,,,,0.182321557,0.007523148,,,,,0.036367644,0.00352967,,,-1.703912969,6.69E-14,-0.023025851,7.15E-16,,,1.588783714,2.77E-12,0.667749677,6.61E-17,-0.161180957,1.72E-18
193,14,Vivia Loaiza Puerta,2019,Vivia Loaiza Puerta,16,Switzerland,Europe,8.53,47.44,Cold,9.4,1054,1.27,Loam,43,34,23,Low,9.827185,0.928865,Alkaline,8.3,Mixture,wheat,Upland,Conventional,Inorganic,High,320,Incorporated,10,ts+c,<5yr,4,8,,,,,,,,,,,,,,,,,,,36.5488,5.5168,3,36.7212,12.4128,3,,,,,,,,,,,,,2.4,0.2,3,2.4,0.9,3,,,,,,,229.0867653,2.23872E-06,3,162.1810097,5.49541E-06,3,30.1995172,2.88403E-06,3,295.1209227,8.31764E-06,3,1,6.60693E-06,3,1.584893192,2.69153E-05,3,134.8962883,1.8197E-06,3,154.8816619,1.31826E-06,3,758.577575,1.02329E-06,3,794.3282347,1.58489E-06,3,3890451.45,5.24807E-06,3,5370317.964,5.24807E-06,3,193,1,,,,,,,0.004705891,0.045682317,,,,,0,0.049189815,,,2.279559242,3.30E-15,-0.345387764,4.15E-16,,,0.460517018,1.11E-10,0.138155105,8.48E-17,0.046051702,1.93E-18
194,14,Vivia Loaiza Puerta,2019,Vivia Loaiza Puerta,16,Switzerland,Europe,8.53,47.44,Cold,9.4,1054,1.27,Loam,43,34,23,Low,9.827185,0.928865,Alkaline,8.3,Mixture,wheat,Upland,Conservation,Inorganic,High,320,Incorporated,10,ts+c,<5yr,4,8,,,,,,,,,,,,,,,,,,,36.0316,3.2756,3,48.0996,16.7228,3,,,,,,,,,,,,,2.6,0.4,3,2.8,0.4,3,,,,,,,213.796209,7.07946E-06,3,158.4893192,4.16869E-06,3,151.3561248,4.0738E-06,3,60.25595861,0.000107152,3,1.548816619,7.4131E-06,3,4.570881896,4.57088E-06,3,128.8249552,1.54882E-06,3,83.17637711,2.0893E-06,3,812.8305162,1.90546E-06,3,467.7351413,1.86209E-06,3,3890451.45,3.38844E-06,3,6918309.709,1.99526E-06,3,194,1,,,,,,,0.28887753,0.043046355,,,,,0.074107972,0.014692267,,,-0.921034037,1.05E-12,-0.299336063,5.96E-16,,,1.082214994,7.97E-12,-0.437491168,2.59E-16,-0.552620422,7.11E-18
195,14,Vivia Loaiza Puerta,2019,Vivia Loaiza Puerta,16,Switzerland,Europe,8.53,47.44,Cold,9.4,1054,1.27,Loam,43,34,23,Low,9.827185,0.928865,Alkaline,8.3,Mixture,wheat,Upland,Conventional,Organic,High,340,Incorporated,10,ts+c,<5yr,4,8,,,,,,,,,,,,,,,,,,,39.652,2.586,3,37.5832,9.1372,3,,,,,,,,,,,,,2.7,0,3,2.6,0.4,3,,,,,,,436.5158322,2.81838E-06,3,87.096359,9.12011E-06,3,831.7637711,7.94328E-06,3,97.7237221,2.51189E-05,3,8.317637711,4.36516E-06,3,6.760829754,1.20226E-06,3,104.7128548,1.41254E-06,3,93.32543008,2.13796E-06,3,676.0829754,1.04713E-06,3,851.1380382,1.94984E-06,3,3311311.215,1.51356E-06,3,3090295.433,7.94328E-06,3,195,1,,,,,,,-0.053584246,0.021120095,,,,,-0.037740328,0.007889546,,,-2.141404136,2.21E-14,-1.611809565,3.67E-15,,,-0.207232658,1.02E-13,-0.115129255,2.36E-16,0.230258509,2.55E-18
196,14,Vivia Loaiza Puerta,2019,Vivia Loaiza Puerta,16,Switzerland,Europe,8.53,47.44,Cold,9.4,1054,1.27,Loam,43,34,23,Low,9.827185,0.928865,Alkaline,8.3,Mixture,wheat,Upland,Conservation,Organic,High,340,Incorporated,10,ts+c,<5yr,4,8,,,,,,,,,,,,,,,,,,,41.376,3.448,3,48.4444,2.586,3,,,,,,,,,,,,,2.7,0.2,3,3,0.1,3,,,,,,,251.1886432,8.12831E-06,3,512.861384,2.04174E-06,3,239.8832919,7.94328E-06,3,301.995172,1.31826E-05,3,2.290867653,5.62341E-06,3,6.025595861,5.24807E-06,3,107.1519305,1.25893E-06,3,154.8816619,1.51356E-06,3,758.577575,1.25893E-06,3,549.5408739,1.54882E-06,3,3388441.561,1.51356E-05,3,10232929.92,4.0738E-06,3,196,1,,,,,,,0.157715746,0.003264651,,,,,0.105360516,0.00219936,,,0.230258509,1.00E-15,0.713801379,3.54E-16,,,0.967085739,2.26E-12,0.368413615,7.78E-17,-0.322361913,3.57E-18
197,14,Vivia Loaiza Puerta,2019,Vivia Loaiza Puerta,16,Switzerland,Europe,8.53,47.44,Cold,9.4,1054,1.27,Loam,43,34,23,Low,9.827185,0.928865,Alkaline,8.3,Legume,wheat,Upland,Conventional,Inorganic,High,320,Incorporated,10,tMi,<5yr,4,8,,,,,,,,,,,,,,,,,,,28.6184,10.8612,3,25.6876,4.4824,3,,,,,,,,,,,,,1.5,0.6,3,1.4,0.3,3,,,,,,,457.0881896,2.23872E-06,3,194.98446,1.94984E-06,3,16.98243652,7.94328E-05,3,489.7788194,7.94328E-06,3,16.98243652,3.98107E-06,3,6.918309709,2.51189E-06,3,288.4031503,1.47911E-06,3,112.2018454,1.65959E-06,3,851.1380382,1.23027E-06,3,645.654229,1.58489E-06,3,8912509.381,3.46737E-06,3,3630780.548,5.62341E-06,3,197,1,,,,,,,-0.108041482,0.058161015,,,,,-0.068992871,0.068639456,,,3.361774236,7.29E-12,-0.851956484,4.13E-17,,,-0.898008186,6.23E-14,-0.944059888,8.17E-17,-0.276310211,2.70E-18
198,14,Vivia Loaiza Puerta,2019,Vivia Loaiza Puerta,16,Switzerland,Europe,8.53,47.44,Cold,9.4,1054,1.27,Loam,43,34,23,Low,9.827185,0.928865,Alkaline,8.3,Legume,wheat,Upland,Conservation,Inorganic,High,320,Incorporated,10,tMi,<5yr,4,8,,,,,,,,,,,,,,,,,,,23.9636,0.862,3,25.1704,0.3448,3,,,,,,,,,,,,,1.4,0.1,3,1.5,0.1,3,,,,,,,218.7761624,6.16595E-06,3,537.0317964,4.36516E-06,3,35.48133892,4.89779E-06,3,1047.128548,1.65959E-05,3,0.45708819,7.24436E-06,3,45.70881896,3.23594E-06,3,117.4897555,1.1749E-06,3,109.6478196,5.37032E-06,3,616.5950019,1.8197E-06,3,891.2509381,1.86209E-06,3,5248074.602,2.5704E-06,3,2238721.139,1.94984E-06,3,198,1,,,,,,,0.049132689,0.00049386,,,,,0.068992871,0.003182162,,,3.384800087,6.44E-15,0.898008186,2.87E-16,,,4.605170185,8.37E-11,-0.069077553,8.33E-16,0.368413615,4.36E-18
199,14,Vivia Loaiza Puerta,2019,Vivia Loaiza Puerta,16,Switzerland,Europe,8.53,47.44,Cold,9.4,1054,1.27,Loam,43,34,23,Low,9.827185,0.928865,Alkaline,8.3,Legume,wheat,Upland,Conventional,Organic,High,340,Incorporated,10,tMi,<5yr,4,8,,,,,,,,,,,,,,,,,,,21.7224,9.1372,3,24.4808,2.586,3,,,,,,,,,,,,,1.3,0.5,3,1.5,0.1,3,,,,,,,398.1071706,1.28825E-06,3,331.1311215,1.77828E-06,3,89.12509381,8.31764E-06,3,104.7128548,7.76247E-06,3,9.120108394,2.29087E-06,3,0.398107171,2.51189E-06,3,275.4228703,2.39883E-06,3,64.5654229,1.25893E-06,3,741.3102413,1.23027E-06,3,831.7637711,1.54882E-06,3,2570395.783,1.41254E-06,3,1202264.435,3.23594E-06,3,199,1,,,,,,,0.119545151,0.062697412,,,,,0.143100844,0.050791146,,,0.161180956,4.74E-15,-0.184206808,1.31E-17,,,-3.131515725,1.33E-11,-1.450628609,1.52E-16,0.115129255,2.07E-18
200,14,Vivia Loaiza Puerta,2019,Vivia Loaiza Puerta,16,Switzerland,Europe,8.53,47.44,Cold,9.4,1054,1.27,Loam,43,34,23,Low,9.827185,0.928865,Alkaline,8.3,Legume,wheat,Upland,Conservation,Organic,High,340,Incorporated,10,tMi,<5yr,4,8,,,,,,,,,,,,,,,,,,,26.8944,10.5164,3,27.4116,3.6204,3,,,,,,,,,,,,,1.4,0.4,3,1.6,0.1,3,,,,,,,645.654229,2.13796E-06,3,181.9700859,3.98107E-06,3,562.3413252,6.16595E-06,3,72.44359601,2.81838E-06,3,7.943282347,5.62341E-06,3,2.511886432,1.34896E-06,3,66.0693448,1.7378E-06,3,87.096359,1.94984E-06,3,588.8436554,1.23027E-06,3,794.3282347,1.20226E-06,3,1905460.718,3.89045E-06,3,4897788.194,3.71535E-06,3,200,1,,,,,,,0.019048195,0.056781661,,,,,0.133531393,0.028512968,,,-2.049300733,5.45E-16,-1.266421801,1.63E-16,,,-1.151292546,2.63E-13,0.276310211,3.98E-16,0.299336062,2.22E-18
201,14,Vivia Loaiza Puerta,2019,Vivia Loaiza Puerta,16,Switzerland,Europe,8.53,47.44,Cold,9.4,1054,1.27,Loam,43,34,23,Low,9.827185,0.928865,Alkaline,8.3,Non-legume,wheat,Upland,Conventional,Inorganic,High,320,Incorporated,10,tMi,<5yr,4,8,,,,,,,,,,,,,,,,,,,28.6184,10.8612,3,24.136,1.724,3,,,,,,,,,,,,,1.5,0.6,3,1.4,0.1,3,,,,,,,457.0881896,2.23872E-06,3,37.15352291,0.000128825,3,16.98243652,7.94328E-05,3,151.3561248,2.5704E-05,3,16.98243652,3.98107E-06,3,0.812830516,1.99526E-05,3,288.4031503,1.47911E-06,3,10.47128548,3.38844E-05,3,851.1380382,1.23027E-06,3,812.8305162,1.23027E-06,3,8912509.381,3.46737E-06,3,165958.6907,7.76247E-05,3,201,1,,,,,,,-0.170345366,0.049712003,,,,,-0.068992871,0.055034014,,,2.187455838,7.30E-12,-2.509817751,4.01E-12,,,-3.039412323,2.01E-10,-3.315722534,3.49E-12,-0.046051702,1.46E-18
202,14,Vivia Loaiza Puerta,2019,Vivia Loaiza Puerta,16,Switzerland,Europe,8.53,47.44,Cold,9.4,1054,1.27,Loam,43,34,23,Low,9.827185,0.928865,Alkaline,8.3,Non-legume,wheat,Upland,Conservation,Inorganic,High,320,Incorporated,10,tMi,<5yr,4,8,,,,,,,,,,,,,,,,,,,23.9636,0.862,3,34.48,9.482,3,,,,,,,,,,,,,1.4,0.1,3,1.8,0.2,3,,,,,,,218.7761624,6.16595E-06,3,446.6835922,7.76247E-06,3,35.48133892,4.89779E-06,3,331.1311215,1.7378E-05,3,0.45708819,7.24436E-06,3,21.3796209,3.63078E-06,3,117.4897555,1.1749E-06,3,263.0267992,2.04174E-06,3,616.5950019,1.8197E-06,3,1122.018454,1.41254E-06,3,5248074.602,2.5704E-06,3,7585775.75,3.98107E-06,3,202,1,,,,,,,0.363843433,0.025639643,,,,,0.251314428,0.005815907,,,2.23350754,7.27E-15,0.713801379,3.65E-16,,,3.845317105,8.37E-11,0.805904783,5.34E-17,0.598672124,3.43E-18
203,14,Vivia Loaiza Puerta,2019,Vivia Loaiza Puerta,16,Switzerland,Europe,8.53,47.44,Cold,9.4,1054,1.27,Loam,43,34,23,Low,9.827185,0.928865,Alkaline,8.3,Non-legume,wheat,Upland,Conventional,Organic,High,340,Incorporated,10,tMi,<5yr,4,8,,,,,,,,,,,,,,,,,,,21.7224,9.1372,3,18.2744,3.1032,3,,,,,,,,,,,,,1.3,0.5,3,1.3,0.3,3,,,,,,,398.1071706,1.28825E-06,3,295.1209227,1.23027E-06,3,89.12509381,8.31764E-06,3,162.1810097,6.16595E-06,3,9.120108394,2.29087E-06,3,3.89045145,2.29087E-06,3,275.4228703,2.39883E-06,3,66.0693448,5.7544E-06,3,741.3102413,1.23027E-06,3,575.4399373,1.28825E-06,3,2570395.783,1.41254E-06,3,870963.59,1.34896E-05,3,203,1,,,,,,,-0.172842813,0.068589874,,,,,0,0.067061144,,,0.598672124,3.39E-15,-0.299336062,9.28E-18,,,-0.851956484,1.37E-13,-1.427602758,2.55E-15,-0.25328436,2.59E-18
204,14,Vivia Loaiza Puerta,2019,Vivia Loaiza Puerta,16,Switzerland,Europe,8.53,47.44,Cold,9.4,1054,1.27,Loam,43,34,23,Low,9.827185,0.928865,Alkaline,8.3,Non-legume,wheat,Upland,Conservation,Organic,High,340,Incorporated,10,tMi,<5yr,4,8,,,,,,,,,,,,,,,,,,,26.8944,10.5164,3,32.5836,7.4132,3,,,,,,,,,,,,,1.4,0.4,3,1.6,0.2,3,,,,,,,645.654229,2.13796E-06,3,52.48074602,4.46684E-06,3,562.3413252,6.16595E-06,3,123.0268771,3.0903E-06,3,7.943282347,5.62341E-06,3,2.818382931,1.77828E-06,3,66.0693448,1.7378E-06,3,7.413102413,2.13796E-05,3,588.8436554,1.23027E-06,3,676.0829754,1.8197E-06,3,1905460.718,3.89045E-06,3,407380.2778,3.54813E-06,3,204,1,,,,,,,0.191891008,0.068221107,,,,,0.133531393,0.032419218,,,-1.519706161,2.50E-16,-2.509817751,2.42E-15,,,-1.036163292,3.00E-13,-2.187455838,2.77E-12,0.138155106,3.87E-18
205,14,Vivia Loaiza Puerta,2019,Vivia Loaiza Puerta,16,Switzerland,Europe,8.53,47.44,Cold,9.4,1054,1.27,Loam,43,34,23,Low,9.827185,0.928865,Alkaline,8.3,Mixture,wheat,Upland,Conventional,Inorganic,High,320,Incorporated,10,tMi,<5yr,4,8,,,,,,,,,,,,,,,,,,,28.6184,10.8612,3,18.964,3.7928,3,,,,,,,,,,,,,1.5,0.6,3,1.1,0.1,3,,,,,,,457.0881896,2.23872E-06,3,416.8693835,2.88403E-06,3,16.98243652,7.94328E-05,3,501.1872336,5.01187E-06,3,16.98243652,3.98107E-06,3,5.495408739,4.89779E-06,3,288.4031503,1.47911E-06,3,112.2018454,1.34896E-06,3,851.1380382,1.23027E-06,3,831.7637711,2.34423E-06,3,8912509.381,3.46737E-06,3,10000000,1.51356E-06,3,205,1,,,,,,,-0.411507423,0.061344656,,,,,-0.310154928,0.056088154,,,3.384800087,7.29E-12,-0.092103404,2.40E-17,,,-1.128266695,2.83E-13,-0.944059888,5.69E-17,-0.023025851,3.34E-18
206,14,Vivia Loaiza Puerta,2019,Vivia Loaiza Puerta,16,Switzerland,Europe,8.53,47.44,Cold,9.4,1054,1.27,Loam,43,34,23,Low,9.827185,0.928865,Alkaline,8.3,Mixture,wheat,Upland,Conservation,Inorganic,High,320,Incorporated,10,tMi,<5yr,4,8,,,,,,,,,,,,,,,,,,,23.9636,0.862,3,27.4116,16.378,3,,,,,,,,,,,,,1.4,0.1,3,2,1.4,3,,,,,,,218.7761624,6.16595E-06,3,371.5352291,2.0893E-06,3,35.48133892,4.89779E-06,3,380.1893963,4.67735E-06,3,0.45708819,7.24436E-06,3,6.165950019,1.7378E-06,3,117.4897555,1.1749E-06,3,79.43282347,3.16228E-06,3,616.5950019,1.8197E-06,3,562.3413252,2.88403E-06,3,5248074.602,2.5704E-06,3,5248074.602,3.63078E-06,3,206,1,,,,,,,0.134430269,0.11942713,,,,,0.356674944,0.165034014,,,2.371662646,6.40E-15,0.529594571,2.75E-16,,,2.601921154,8.38E-11,-0.391439466,5.62E-16,-0.092103404,1.17E-17
207,14,Vivia Loaiza Puerta,2019,Vivia Loaiza Puerta,16,Switzerland,Europe,8.53,47.44,Cold,9.4,1054,1.27,Loam,43,34,23,Low,9.827185,0.928865,Alkaline,8.3,Mixture,wheat,Upland,Conventional,Organic,High,340,Incorporated,10,tMi,<5yr,4,8,,,,,,,,,,,,,,,,,,,21.7224,9.1372,3,21.0328,10.8612,3,,,,,,,,,,,,,1.3,0.5,3,1.2,0.3,3,,,,,,,398.1071706,1.28825E-06,3,512.861384,4.2658E-06,3,89.12509381,8.31764E-06,3,138.0384265,5.37032E-06,3,9.120108394,2.29087E-06,3,0.912010839,2.0893E-05,3,275.4228703,2.39883E-06,3,79.43282347,1.20226E-06,3,741.3102413,1.23027E-06,3,562.3413252,1.44544E-06,3,2570395.783,1.41254E-06,3,9120108.394,4.46684E-06,3,207,1,,,,,,,-0.032260862,0.147865308,,,,,-0.080042708,0.070142998,,,0.437491168,3.41E-15,0.25328436,2.66E-17,,,-2.302585093,1.75E-10,-1.24339595,1.02E-16,-0.276310211,3.12E-18
208,14,Vivia Loaiza Puerta,2019,Vivia Loaiza Puerta,16,Switzerland,Europe,8.53,47.44,Cold,9.4,1054,1.27,Loam,43,34,23,Low,9.827185,0.928865,Alkaline,8.3,Mixture,wheat,Upland,Conservation,Organic,High,340,Incorporated,10,tMi,<5yr,4,8,,,,,,,,,,,,,,,,,,,26.8944,10.5164,3,31.032,1.8964,3,,,,,,,,,,,,,1.4,0.4,3,1.7,0.2,3,,,,,,,645.654229,2.13796E-06,3,933.2543008,2.51189E-06,3,562.3413252,6.16595E-06,3,512.861384,6.16595E-06,3,7.943282347,5.62341E-06,3,18.62087137,2.13796E-06,3,66.0693448,1.7378E-06,3,154.8816619,2.0893E-06,3,588.8436554,1.23027E-06,3,851.1380382,1.69824E-06,3,1905460.718,3.89045E-06,3,7413102.413,3.16228E-06,3,208,1,,,,,,,0.143100844,0.052211873,,,,,0.194156014,0.031824495,,,-0.092103404,8.83E-17,0.368413615,6.07E-18,,,0.851956485,1.71E-13,0.851956484,2.91E-16,0.368413615,2.78E-18
209,15,Chenhuiqiao,2023,Jourl of Plant Nutrition and Fertilizers,17,Chi,Asia,116.17,28.35,Temperate,13.9,1631.56,1.34,Clay loam,26.56552,41.43448,32,High,16.3,1.49,Neutral,6.9,Legume,rice,Upland,Conventional,Inorganic,High,318,Incorporated,10,,>5yr,40,11,,,,,,,,,,,,,,,,,,,,,,,,,,,,,,,,,,,,,,,,,,,,,,,,,0.5359684,0.0094861,3,0.4577075,0.0355731,3,0.0446429,0.0021825,3,0.0301587,0.0009921,3,,,,,,,,,,,,,0.0686166,0.0012648,3,0.0303557,0.0056917,3,,,,,,,209,1,,,,,,,,,,,,,,,,,-0.392221841,0.001157392,-0.15784487,0.002117893,,,,,,,-0.815550179,0.011832032
210,15,Chenhuiqiao,2023,Jourl of Plant Nutrition and Fertilizers,17,Chi,Asia,116.17,28.35,Temperate,13.9,1631.56,1.34,Clay loam,26.56552,41.43448,32,High,16.3,1.49,Neutral,6.9,Legume,rice,Upland,Conservation,Inorganic,High,228,Incorporated,10,,>5yr,40,11,,,,,,,,,,,,,,,,,,,,,,,,,,,,,,,,,,,,,,,,,,,,,,,,,0.5359684,0.0094861,3,0.2134387,0.0664032,3,0.0446429,0.0021825,3,0.0138889,0.0059524,3,,,,,,,,,,,,,0.0686166,0.0012648,3,0.0196047,0.003950256,3,,,,,,,210,1,,,,,,,,,,,,,,,,,-1.16760532,0.062021461,-0.920725532,0.03236784,,,,,,,-1.252765155,0.013646716
211,15,Chenhuiqiao,2023,Jourl of Plant Nutrition and Fertilizers,17,Chi,Asia,116.17,28.35,Temperate,15.7,1631.56,1.34,Clay loam,26.56552,41.43448,32,High,16.3,1.49,Neutral,6.9,Legume,rice,Upland,Conventional,Organic,High,252.7,Incorporated,10,,>5yr,40,11,,,,,,,,,,,,,,,,,,,,,,,,,,,,,,,,,,,,,,,,,,,,,,,,,0.5359684,0.0094861,3,0.1162055,0.0023716,3,0.0446429,0.0021825,3,0.0077381,0.00019841,3,,,,,,,,,,,,,0.0686166,0.0012648,3,0.00379447,0.0003162,3,,,,,,,211,1,,,,,,,,,,,,,,,,,-1.752539101,0.001015825,-1.528715029,0.000243256,,,,,,,-2.894989744,0.002427986
212,16,Gaoruonan,2021,南京农业大学,18,Chi,Asia,118.47,31.62,Temperate,15.7,1072.9,1.25,Silt loam,22.48763,53.51237,24,Medium,13.95022,2.08,Acid,6.01,Legume,rice,Paddy,Conventional,Inorganic,Low,0,Incorporated,10,,<5yr,3,10,,,,,,,,,,,,,,,,,,,16.6485,1.4738,3,18.7227,2.0742,3,2.31831,0.07928,3,2.41783,0.01518,3,6.04176,0.11137,3,6.76566,0.58469,3,1.20301,0.16175,3,1.20359,0.02074,3,1510,161,3,1965,163,3,338,38.5,3,468,63.5,3,28.8,2.55,3,30.8,3.22,3,9.46,0.28,3,11.2,0.82,3,161,22.8,3,148,11.8,3,12.1,1.67,3,10.6,2.35,3,,,,,,,212,1,,,,,,,0.117416569,0.006703323,0.113164458,0.002602749,0.042031972,0.000402958,0.000482008,0.006124974,0.263382594,0.006083113,0.067139303,0.00625646,0.3254224,0.010461502,,,0.168841395,0.002078797,-0.084192091,0.008803871,-0.132351451,0.022732872
213,16,Gaoruonan,2021,南京农业大学,18,Chi,Asia,118.47,31.62,Temperate,15.7,1072.9,1.25,Silt loam,22.48763,53.51237,24,Medium,13.95022,2.08,Acid,6.01,Legume,rice,Paddy,Conventional,Inorganic,Low,0,Incorporated,30,,<5yr,3,10,,,,,,,,,,,,,,,,,,,11.4083,0.4367,3,11.5175,2.3471,3,2.27783,0.05229,3,2.32506,0.02699,3,4.95592,0.50116,3,5.40139,0.30627,3,1.03027,0.05807,3,0.993523,0.149307,3,395,67,3,737,180,3,103,9.63,3,212,73.3,3,17.3,0.53,3,18.1,4.2,3,5.29,0.28,3,6.4,1.26,3,116,19.1,3,112,9.76,3,2.95,0.38,3,7.1,1.35,3,,,,,,,213,1,,,,,,,0.009526457,0.01433128,0.086073506,0.004480363,0.02052261,0.000220578,-0.036318971,0.008587025,0.623702127,0.029473658,0.045205437,0.018261022,0.721857286,0.042762556,,,0.190479744,0.013853786,-0.03509132,0.011568401,0.878289614,0.017582158
214,16,Gaoruonan,2021,南京农业大学,18,Chi,Asia,118.47,31.62,Temperate,15.7,1072.9,1.25,Silt loam,22.48763,53.51237,24,Medium,13.95022,2.08,Acid,6.01,Legume,rice,Paddy,Conventional,Inorganic,Low,0,Incorporated,50,,<5yr,3,10,,,,,,,,,,,,,,,,,,,6.11354,0.7096,3,7.86026,1.09171,3,2.18169,0.04723,3,2.20361,0.05904,3,4.37123,0.55684,3,4.09281,0.25058,3,0.70822,0.024885,3,0.704654,0.045622,3,221,62.8,3,258,7.3,3,49.7,14.3,3,48.9,25.5,3,8.24,1.4,3,11.1,1.65,3,2.92,0.8,3,4,0.4,3,81,29.1,3,131,27.2,3,1.14,1.24,3,1.11,0.21,3,,,,,,,214,1,,,,,,,0.251313701,0.010920892,-0.065812658,0.006658668,0.009997119,0.000395495,-0.005047878,0.0018088,0.154796883,0.027183045,0.297944764,0.016987807,-0.016227537,0.118239971,,,0.314710745,0.028353662,0.480748169,0.057392974,-0.026668247,0.406308607
215,16,Gaoruonan,2021,南京农业大学,18,Chi,Asia,118.47,31.62,Temperate,15.7,1072.9,1.25,Silt loam,22.48763,53.51237,24,Medium,13.95022,2.08,Acid,6.01,Legume,rice,Paddy,Conventional,Inorganic,High,210,Incorporated,10,,<5yr,3,10,,,,,,,,,,,,,,,,,,,19.5961,1.4738,3,22.1616,1.2008,3,2.46,0.04386,3,2.4988,0.04722,3,6.84919,0.50116,3,8.49188,0.25058,3,1.31934,0.14931,3,1.53559,0.04977,3,1935,328,3,1127,311,3,500,94.4,3,265,449,3,36.4,4.92,3,23,7.58,3,11.3,1.04,3,7.87,1.13,3,194,24.7,3,158,32.2,3,26.2,8.12,3,5.91,1.09,3,,,,,,,215,1,,,,,,,0.123030495,0.002864085,0.214980016,0.002074895,0.015649267,0.000224994,0.15178306,0.004619324,-0.540548091,0.034961283,-0.459074559,0.042294255,-0.634878272,0.968810732,,,-0.361744663,0.009695553,-0.205263126,0.019247895,-1.489113579,0.04335609
216,16,Gaoruonan,2021,南京农业大学,18,Chi,Asia,118.47,31.62,Temperate,15.7,1072.9,1.25,Silt loam,22.48763,53.51237,24,Medium,13.95022,2.08,Acid,6.01,Legume,rice,Paddy,Conventional,Inorganic,High,210,Incorporated,30,,<5yr,3,10,,,,,,,,,,,,,,,,,,,12.6092,2.7292,3,11.5721,1.0371,3,2.25422,0.06241,3,2.26771,0.02362,3,4.90023,0.25058,3,5.31787,0.80742,3,1.0512,0.12028,3,0.960537,0.116133,3,565,39,3,506,135,3,139,20.6,3,154,54.2,3,18.8,2.06,3,18.5,4.67,3,6.64,0.79,3,5.69,1.36,3,186,27.6,3,139,16.5,3,4.78,1.47,3,4.89,0.28,3,,,,,,,216,1,,,,,,,-0.085829678,0.018293457,0.081790704,0.008555908,0.005966497,0.000291665,-0.090195145,0.009236714,-0.110289062,0.025315354,-0.016086138,0.025242899,0.102478669,0.048610366,,,-0.154401715,0.023761276,-0.291272741,0.012036539,0.022751757,0.032618075
217,16,Gaoruonan,2021,南京农业大学,18,Chi,Asia,118.47,31.62,Temperate,15.7,1072.9,1.25,Silt loam,22.48763,53.51237,24,Medium,13.95022,2.08,Acid,6.01,Legume,rice,Paddy,Conventional,Inorganic,High,210,Incorporated,50,,<5yr,3,10,,,,,,,,,,,,,,,,,,,8.35153,1.4738,3,9.11572,2.40178,3,2.24578,0.05904,3,2.32506,0.04723,3,4.23202,0.05568,3,5.51276,0.7239,3,0.741594,0.037322,3,0.76706,0.099539,3,310,41.6,3,290,80.1,3,80.1,7.76,3,72.1,20.2,3,15,0.98,3,10.2,1.6,3,4.41,0.25,3,3.87,0.66,3,133,31.2,3,86.5,39,3,1.94,0.28,3,2.13,0.67,3,,,,,,,217,1,,,,,,,0.08755564,0.033520625,0.264385985,0.005805449,0.034692946,0.000367921,0.033763102,0.00645741,-0.066691374,0.031432719,-0.385662481,0.009624788,-0.10522181,0.029292918,,,-0.130620182,0.010766157,-0.430204714,0.08610397,0.093434007,0.039925111
218,16,Gaoruonan,2021,南京农业大学,18,Chi,Asia,118.47,31.62,Temperate,15.7,1072.9,1.25,Silt loam,22.48763,53.51237,24,Medium,13.95022,2.08,Acid,6.01,Legume,rice,Paddy,Conventional,Inorganic,High,270,Incorporated,10,,<5yr,3,10,,,,,,,,,,,,,,,,,,,21.6703,1.3646,3,21.179,0.3821,3,2.48193,0.02699,3,2.45325,0.10121,3,9.80046,0.25054,3,9.02088,0.41764,3,1.41078,0.09124,3,1.54407,0.02488,3,1635,175,3,1333,262,3,445,27.3,3,331,83.8,3,27.8,7.75,3,34.9,5.34,3,9.14,0.36,3,11.5,2.44,3,153,11.1,3,128,23.8,3,20.9,1.96,3,9.43,2.02,3,,,,,,,218,1,,,,,,,-0.022932535,0.001430279,-0.082887433,0.000932313,-0.011622807,0.000606757,0.090279044,0.001480764,-0.204210763,0.016695921,0.227450809,0.033709411,-0.295955907,0.022619927,,,0.22968665,0.015523043,-0.178407657,0.013278705,-0.795853062,0.01822686
219,16,Gaoruonan,2021,南京农业大学,18,Chi,Asia,118.47,31.62,Temperate,15.7,1072.9,1.25,Silt loam,22.48763,53.51237,24,Medium,13.95022,2.08,Acid,6.01,Legume,rice,Paddy,Conventional,Inorganic,High,270,Incorporated,30,,<5yr,3,10,,,,,,,,,,,,,,,,,,,11.7358,1.4738,3,12.8275,0.5459,3,2.35205,0.05229,3,2.32506,0.0506,3,5.37355,0.66821,3,7.26682,0.83527,3,0.902085,0.012442,3,0.886076,0.09954,3,45,56.2,3,373,65.3,3,130,19.3,3,91.3,23.5,3,17.8,4.37,3,9.66,1.91,3,7.09,0.93,3,3.68,0.5,3,138,27.5,3,91.8,16.5,3,1.94,0.11,3,1.94,0.42,3,,,,,,,219,1,,,,,,,0.088947305,0.005860608,0.301830012,0.009558411,-0.011541443,0.000322623,-0.017906025,0.004270019,2.11491593,0.530123973,-0.611204809,0.033122407,-0.353383663,0.029430698,,,-0.655772588,0.011888761,-0.407641388,0.02400554,0,0.016695008
220,16,Gaoruonan,2021,南京农业大学,18,Chi,Asia,118.47,31.62,Temperate,15.7,1072.9,1.25,Silt loam,22.48763,53.51237,24,Medium,13.95022,2.08,Acid,6.01,Legume,rice,Paddy,Conventional,Inorganic,High,270,Incorporated,50,,<5yr,3,10,,,,,,,,,,,,,,,,,,,7.96943,1.31005,3,8.02402,0.65502,3,2.35542,0.06241,3,2.2947,0.05566,3,4.4826,0.44547,3,6.18097,0.41764,3,0.745935,0.182489,3,0.617945,0.078802,3,459,137,3,175,27.6,3,139,53.4,3,93.6,15.4,3,20.6,6.64,3,8.44,1.37,3,6.58,1.36,3,3.01,0.79,3,75.7,26.8,3,95.4,10.4,3,6.11,1.94,3,0.38,0.11,3,,,,,,,220,1,,,,,,,0.006826571,0.011228694,0.321271982,0.004813811,-0.02611694,0.000430135,-0.188239008,0.025371011,-0.964264236,0.03798703,-0.892308767,0.043415071,-0.39544355,0.058219576,,,-0.782094667,0.037201312,0.231300418,0.045740259,-2.777510799,0.061536353
221,17,Gaosongjuan,2018,中国农业大学,19,Chi,Asia,112.39,29.37,Temperate,16.6,1776,1.25,Silt loam,28.00525,53.99475,18,Medium,11.00258,3.54,Alkaline,7.92,Legume,rice,Paddy,Conventional,Inorganic,Low,0,Incorporated,10,,>5yr,6,11,,,,,,,7.38,0.08,3,7.41,0.01,3,,,,,,,50.84,0.88,3,56.67,0.75,3,13.64,1.15,3,14.95,2.5,3,0.57,0.09,3,0.6,0.23,3,2.76,0.2,3,3.17,0.06,3,18411.95904,1.13397E-06,3,22207.51683,1.17031E-06,3,,,,,,,0.028448541,1.53993E-06,3,0.0892997,4.86968E-06,3,16.23454047,3.46561E-06,3,48.39940247,2.48068E-06,3,1.073297209,5.46009E-06,3,8.958184442,1.26587E-06,3,0.155285176,4.96867E-06,3,0.638939886,1.15194E-06,3,,,,,,,221,1,,,0.004056801,3.98E-05,,,0.108561524,0.000158254,0.051293294,0.057291731,0.091704647,0.011690738,0.138500908,0.001869749,0.187430426,2.19E-21,1.143901252,1.97E-09,,,,,1.092346368,1.61E-14,2.121832163,8.63E-12,1.414547103,3.42E-10
222,17,Gaosongjuan,2018,中国农业大学,19,Chi,Asia,112.39,29.37,Temperate,16.6,1776,1.25,Silt loam,28.00525,53.99475,18,Medium,11.00258,3.54,Alkaline,7.92,Legume,rice,Paddy,Conventional,Inorganic,High,300,Incorporated,10,,>5yr,6,11,,,,,,,7.61,0.03,3,7.62,0.02,3,,,,,,,48.41,1.71,3,46.52,1.38,3,16.23,1.25,3,19.3,3.02,3,0.74,0.14,3,0.74,0.22,3,2.88,0.04,3,2.88,0.09,3,24383.7221,1.32709E-06,3,23604.78233,1.20781E-06,3,,,,,,,0.034343931,1.61559E-06,3,0.29514131,1.86565E-06,3,20.54707471,2.48005E-06,3,12.05507731,6.15049E-06,3,1.802893197,2.2291E-06,3,6.750718522,1.26587E-06,3,0.398730998,1.327E-06,3,0.155285176,1.04826E-06,3,,,,,,,222,1,,,0.001313198,7.48E-06,,,-0.039824076,0.000709242,0,0.041392744,0.173243714,0.010138902,0,0.000389821,-0.03246645,1.86E-21,2.151028937,7.51E-10,,,,,-0.533232656,9.16E-14,1.320256241,5.21E-13,-0.943023727,1.89E-11
223,17,Gaosongjuan,2018,中国农业大学,20,Chi,Asia,115.07,28.19,Temperate,16.5,1936,1.29,Clay loam,31.02262,39.97738,29,Medium,11.14641,2.57,Acid,4.65,Legume,rice,Paddy,Conventional,Inorganic,Low,0,Incorporated,10,,>5yr,6,11,,,,,,,5.21,0.12,3,4.87,0.11,3,,,,,,,33.36,0.49,3,40.58,1.61,3,6.76,1.72,3,17.71,1.57,3,18,2.46,3,16.33,1.38,3,1.82,0.08,3,2.14,0.19,3,4315.687602,1.45821E-06,3,6908.917392,1.87495E-06,3,,,,,,,0.001496373,4.01939E-06,3,0.009645617,2.15442E-06,3,0.059377239,1.3974E-06,3,0.329457956,2.60142E-06,3,0.063394269,1.15194E-06,3,1.023858641,1.45821E-06,3,0.023551035,1.20756E-06,3,0.38036452,1.20759E-06,3,,,,,,,223,1,,,-0.067485919,0.000346896,,,0.195917757,0.000596609,-0.097367851,0.008606406,0.963106562,0.024199179,0.161969328,0.003271639,0.470556289,6.26E-20,1.863459435,2.42E-06,,,,,1.713537775,2.05E-10,2.781960287,1.11E-10,2.781960288,8.80E-10
224,17,Gaosongjuan,2018,中国农业大学,20,Chi,Asia,115.07,28.19,Temperate,16.5,1936,1.29,Clay loam,31.02262,39.97738,29,Medium,11.14641,2.57,Acid,4.65,Legume,rice,Paddy,Conventional,Inorganic,High,330,Incorporated,10,,>5yr,6,11,,,,,,,4.85,0.1,3,4.87,0.06,3,,,,,,,34.21,3.11,3,36.26,1.73,3,10.76,0.35,3,11.99,1.9,3,15.28,1.24,3,18.94,1.13,3,1.95,0.17,3,2.06,0.12,3,6902.398038,1.55274E-06,3,10375.28416,1.9971E-06,3,,,,,,,0.006289411,1.61559E-06,3,0.027605779,4.01948E-06,3,0.381671736,5.07996E-06,3,0.028667512,2.36423E-06,3,0.24882843,1.45824E-06,3,0.330194625,1.7748E-05,3,0.03434314,1.39104E-06,3,0.073026418,1.20756E-06,3,,,,,,,224,1,,,0.004115232,0.000192305,,,0.058197206,0.0035136,0.214731304,0.003381728,0.108237414,0.008723114,0.05487661,0.003664536,0.407557562,2.92E-20,1.479157709,2.91E-08,,,,,-2.588796414,2.33E-09,0.282918631,9.74E-10,0.754418976,6.38E-10
225,17,Gaosongjuan,2018,中国农业大学,21,Chi,Asia,117.48,30.66,Temperate,16.1,1550,1.17,Silt loam,27.99281,50.00719,22,Medium,13.62581,1.64,Acid,5.82,Legume,rice,Paddy,Conventional,Inorganic,Low,0,Incorporated,10,,<5yr,3,11,,,,,,,4.81,0.05,3,4.71,0.07,3,,,,,,,20.81,0.06,3,22.51,0.06,3,3.6,0.64,3,4.46,1.29,3,1.56,0.44,3,1.76,0,3,1.75,0.02,3,1.83,0.02,3,18819.14983,1.65386E-06,3,27415.74172,1.55274E-06,3,,,,,,,0.03318104,1.39907E-06,3,0.07444748,1.27107E-06,3,0.041701339,1.21071E-06,3,0.308325894,2.72885E-06,3,0.888812185,1.09888E-06,3,2.755941534,2.12642E-06,3,0.216008082,1.45821E-06,3,0.702133994,1.52862E-06,3,,,,,,,225,1,,,-0.021009176,0.000109645,,,0.078526015,5.14E-06,0.120627988,0.026517642,0.214214921,0.038421122,0.044700179,8.34E-05,0.376242404,3.64E-21,0.808115282,6.90E-10,,,,,2.000624082,3.07E-10,1.13162847,7.08E-13,1.178808437,1.68E-11
226,17,Gaosongjuan,2018,中国农业大学,21,Chi,Asia,117.48,30.66,Temperate,16.1,1550,1.17,Silt loam,27.99281,50.00719,22,Medium,13.62581,1.64,Acid,5.82,Legume,rice,Paddy,Conventional,Inorganic,High,345,Incorporated,10,,<5yr,3,11,,,,,,,4.7,0.06,3,4.65,0.05,3,,,,,,,23.19,0.08,3,22.61,0.06,3,6.04,1.56,3,4.25,0.22,3,2.33,0.78,3,1.87,0.09,3,1.91,0.02,3,1.83,0.01,3,45300.18754,1.70608E-06,3,25698.03995,3.00469E-06,3,,,,,,,0.013289848,1.39904E-06,3,0.052995623,1.95736E-06,3,0.050315292,2.14867E-06,3,0.052376925,2.72879E-06,3,0.018604586,1.04829E-06,3,0.170639669,1.20756E-06,3,0.022466737,1.45821E-06,3,0.07655261,4.3133E-06,3,,,,,,,226,1,,,-0.010695289,9.29E-05,,,-0.025328865,6.31E-06,-0.219929837,0.038127746,-0.351485029,0.023129062,-0.042787275,4.65E-05,-0.56689645,5.03E-21,1.38320889,4.15E-09,,,,,0.040157085,1.51E-09,2.216146025,1.07E-09,1.225942357,2.46E-09
227,17,Gaosongjuan,2018,中国农业大学,22,Chi,Asia,114.08,32.12,Temperate,15.2,2000,1.21,Loam,31.89411,44.10589,24,Medium,13.67268,1.55,Neutral,6.8,Legume,rice,Paddy,Conventional,Inorganic,Low,0,Incorporated,10,,>5yr,6,11,,,,,,,6.15,0.16,4,5.09,0.04,4,,,,,,,22.63,1.31,4,26.15,0.69,4,3.04,0.4,4,6.15,0.66,4,0.86,0.23,4,1.39,0.28,4,1.23,0.06,4,1.43,0.03,4,24859.93564,1.24595E-06,4,38565.59179,1.20754E-06,4,,,,,,,2.561769201,1.15478E-06,4,13.63013006,1.61559E-06,4,55.86245271,2.04842E-06,4,58.1821814,1.46582E-06,4,5.087213916,2.33674E-06,4,21.94320195,2.44951E-06,4,2.629056988,2.33668E-06,4,5.332857758,2.69178E-06,4,,,,,,,227,1,,,-0.189174251,0.000184651,,,0.144572731,0.001011807,0.480126637,0.02802569,0.704594566,0.007207493,0.150660275,0.000704914,0.439102977,8.73E-22,1.671584674,5.43E-14,,,,,0.040686679,4.95E-16,1.461727069,5.59E-14,0.707262037,2.61E-13
228,17,Gaosongjuan,2018,中国农业大学,22,Chi,Asia,114.08,32.12,Temperate,15.2,2000,1.21,Loam,31.89411,44.10589,24,Medium,13.67268,1.55,Neutral,6.8,Legume,rice,Paddy,Conventional,Inorganic,High,225,Incorporated,10,,>5yr,6,11,,,,,,,6.13,0.01,4,5.16,0.07,4,,,,,,,23.69,1.18,4,28.35,0.47,4,4.64,1.9,4,12.36,4.53,4,1.15,0.1,4,1.81,0.19,4,1.23,0.05,4,1.49,0.04,4,27258.37739,1.13423E-06,4,52698.7119,1.13397E-06,4,,,,,,,5.498066647,1.27104E-06,4,8.812517654,1.39904E-06,4,29.90473787,1.1542E-06,4,80.96177108,1.33217E-06,4,8.958184442,1.15194E-06,4,8.545549615,1.52862E-06,4,1.296074601,1.20756E-06,4,1.71984774,1.84595E-06,4,,,,,,,228,1,,,-0.17225817,4.67E-05,,,0.179574012,0.000688972,0.453564903,0.004645159,0.979751086,0.075500484,0.191761951,0.000593286,0.659230112,5.49E-22,0.47177666,1.97E-14,,,,,0.995960156,4.40E-16,-0.047156943,1.21E-14,0.282895605,5.05E-13
229,17,Gaosongjuan,2018,中国农业大学,23,Chi,Asia,113.08,29.23,Temperate,15.5,1755,1.3,Clay loam,31.6175,39.3825,29,High,18.73751,2.4,Acid,5.12,Legume,rice,Paddy,Conventional,Inorganic,Low,0,Incorporated,10,,>5yr,6,11,,,,,,,4.86,0.08,3,4.75,0.1,3,,,,,,,37.69,0.98,3,40.02,1.21,3,7.69,0.58,3,15.79,1.74,3,1.34,0.1,3,1.29,0.06,3,1.76,0.06,3,1.94,0.02,3,12006.04592,1.13397E-06,3,14484.383,1.24624E-06,3,,,,,,,0.387115,2.26032E-06,3,0.007519518,2.26027E-06,3,0.707896883,2.14867E-06,3,0.041866822,3.81329E-06,3,0.52911491,4.52158E-06,3,0.036000622,6.28985E-06,3,0.122670462,1.05655E-05,3,0.092442142,1.52862E-06,3,,,,,,,229,1,,,-0.02289382,0.000238058,,,0.059984522,0.000530077,-0.038027396,0.0025775,0.719456045,0.005943934,0.097374164,0.000422824,0.187660685,5.44E-21,-3.941219766,3.01E-08,,,,,-2.827804762,2.77E-09,-2.687669413,1.02E-08,-0.282918632,2.56E-09
230,17,Gaosongjuan,2018,中国农业大学,23,Chi,Asia,113.08,29.23,Temperate,15.5,1755,1.3,Clay loam,31.6175,39.3825,29,High,18.73751,2.4,Acid,5.12,Legume,rice,Paddy,Conventional,Inorganic,High,360,Incorporated,10,,>5yr,6,11,, ,,,,,4.92,0.08,3,4.97,0.01,3,,,,,,,37.87,1.06,3,36.77,1.38,3,16.33,3,3,14.99,0.84,3,0.86,0.17,3,1.39,0.06,3,1.93,0.03,3,1.9,0.08,3,5815.137659,1.45824E-06,3,11240.87193,1.41319E-06,3,,,,,,,0.004045945,1.27104E-06,3,0.046364972,1.04916E-06,3,0.022572518,1.61291E-06,3,0.103421302,1.86209E-06,3,0.088184042,8.74943E-06,3,0.260843489,1.327E-06,3,0.037738966,4.73991E-06,3,0.314985092,3.74438E-06,3,,,,,,,230,1,,,0.01011131,8.95E-05,,,-0.029476947,0.000730671,0.480126637,0.013646144,-0.085620595,0.012296634,-0.015666117,0.00067149,0.659091957,2.62E-20,2.438829115,3.31E-08,,,,,1.522077808,1.81E-09,1.084494552,3.29E-09,2.121832169,5.31E-09
231,17,Gaosongjuan,2018,中国农业大学,24,Chi,Asia,119.03,26.08,Temperate,22.5,1840,1.33,Clay loam,37.01336,29.98664,33,High,24.2242,1.23,Acid,4.93,Legume,rice,Paddy,Conventional,Inorganic,Low,0,Incorporated,10,,>5yr,6,11,,,,,,,4.99,0.21,3,4.92,0.11,3,,,,,,,21.35,1.77,3,22.05,0.97,3,2.17,0.37,3,3.4,0.82,3,0.52,0.25,3,0.56,0.12,3,1.19,0.13,3,1.2,0.07,3,8194.453592,1.32703E-06,3,7932.681179,1.60243E-06,3,,,,,,,1.526933066,1.27107E-06,3,7.031370782,1.15478E-06,3,11.12218207,1.3974E-06,3,10.03090229,2.86167E-06,3,4.629456418,1.327E-06,3,4.629456418,1.327E-06,3,0.702133994,5.20859E-06,3,1.236374388,1.04829E-06,3,,,,,,,231,1,,,-0.014127379,0.000756982,,,0.032260862,0.002936091,0.074107972,0.092352474,0.449048264,0.029079566,0.00836825,0.005112321,-0.03246645,2.23E-20,1.527120486,2.40E-13,,,,,-0.103270942,3.24E-14,0,5.48E-14,0.565814235,1.86E-11
232,17,Gaosongjuan,2018,中国农业大学,24,Chi,Asia,119.03,26.08,Temperate,22.5,1840,1.33,Clay loam,37.01336,29.98664,33,High,24.2242,1.23,Acid,4.93,Legume,rice,Paddy,Conventional,Inorganic,Medium,135,Incorporated,10,,>5yr,6,11,,,,,,,4.97,0.15,3,4.99,0.06,3,,,,,,,21.73,0.51,3,23.54,0.76,3,2.41,0.09,3,2.06,0.22,3,1.53,0.15,3,1.2,0.05,3,1.1,0.02,3,1.13,0.04,3,8708.232185,1.28609E-06,3,10841.76526,1.20754E-06,3,,,,,,,6.414458504,1.21152E-06,3,4.33560791,1.95736E-06,3,14.76216312,2.99582E-06,3,5.908537551,1.3974E-06,3,5.860302038,1.04829E-06,3,4.212791835,2.44951E-06,3,1.125097086,1.04829E-06,3,0.080249069,1.60243E-06,3,,,,,,,232,1,,,0.00401607,0.000351825,,,0.080007308,0.000531062,-0.242946179,0.0037826,-0.156920765,0.004266672,0.026907453,0.000527871,0.219137023,1.14E-20,-0.39169275,7.98E-14,,,,,-0.915669014,3.24E-14,-0.330075573,1.23E-13,-2.640489449,1.33E-10
233,18,Liuying,2020,江西农业大学,25,Chi,Asia,116.83,28.22,Temperate,17.6,1741,1.18,Loam,36.00292,40.99708,23,Low,8.878964,1.45,Acid,5.12,Legume,rice,Paddy,Conventional,Inorganic,Low,0,Incorporated,10,,<5yr,2,6,5464.6,209.59,3,6708.27,77.31,3,4.645669291,0.104311409,3,4.556430446,0.083399352,3,,,,,,,43.75512,3.455342963,3,47.80652,5.68935963,3,,,,,,,,,,,,,1.45,0.132363497,3,1.49,0.119831976,3,,,,,,,,,,,,,,,,,,,0.269461078,0.037724551,3,0.147305389,0.017065868,3,0.70718232,0.038674033,3,0.392265193,0.055248619,3,,,,,,,,,,,,,233,1,0.205050168,0.000534619,-0.01939593,0.000279727,,,0.088553397,0.006799725,,,,,0.027212564,0.004933675,,,,,,,,,-0.603916049,0.011007357,-0.589350387,0.007609352,,
234,18,Liuying,2020,江西农业大学,25,Chi,Asia,116.83,28.22,Temperate,17.6,1741,1.18,Loam,36.00292,40.99708,23,Low,8.878964,1.45,Acid,5.12,Legume,rice,Paddy,Conventional,Inorganic,Low,15,Incorporated,10,,<5yr,2,6,5464.6,209.59,3,6074.27,360.06,3,4.645669291,0.104311409,3,4.771653543,0.087338723,3,,,,,,,43.75512,3.455342963,3,47.80652,2.337137407,3,,,,,,,,,,,,,1.45,0.132363497,3,1.57,0.126265908,3,,,,,,,,,,,,,,,,,,,0.269461078,0.037724551,3,0.132934132,0.021556886,3,0.70718232,0.038674033,3,0.337016575,0.08839779,3,,,,,,,,,,,,,234,1,0.105770891,0.001661571,0.026757449,0.000279727,,,0.088553397,0.002875415,,,,,0.079512063,0.004933675,,,,,,,,,-0.706570199,0.015298855,-0.741156398,0.023929811,,
235,18,Liuying,2020,江西农业大学,25,Chi,Asia,116.83,28.22,Temperate,17.6,1741,1.18,Loam,36.00292,40.99708,23,Low,8.878964,1.45,Acid,5.12,Legume,rice,Paddy,Conventional,Inorganic,Low,30,Incorporated,10,,<5yr,2,6,5464.6,209.59,3,6505.2,151.83,3,4.645669291,0.104311409,3,4.677165354,0.085609243,3,,,,,,,43.75512,3.455342963,3,48.73748,8.389973704,3,,,,,,,,,,,,,1.45,0.132363497,3,1.51,0.121440459,3,,,,,,,,,,,,,,,,,,,0.269461078,0.037724551,3,0.175149701,0.055688623,3,0.70718232,0.038674033,3,0.602209945,0.093922652,3,,,,,,,,,,,,,235,1,0.174310931,0.000671928,0.006756782,0.000279727,,,0.107839709,0.011956864,,,,,0.040546094,0.004933675,,,,,,,,,-0.430782914,0.040230463,-0.160682381,0.009105091,,
236,18,Liuying,2020,江西农业大学,25,Chi,Asia,116.83,28.22,Temperate,17.6,1741,1.18,Loam,36.00292,40.99708,23,Low,8.878964,1.45,Acid,5.12,Legume,rice,Paddy,Conservation,Organic,Low,0,Incorporated,10,,<5yr,2,6,5464.6,209.59,3,6424.33,595.12,3,4.645669291,0.104311409,3,4.598425197,0.08416801,3,,,,,,,43.75512,3.455342963,3,44.84124,2.508898889,3,,,,,,,,,,,,,1.45,0.132363497,3,1.54,0.123853183,3,,,,,,,,,,,,,,,,,,,0.269461078,0.037724551,3,0.183233533,0.039520958,3,0.70718232,0.038674033,3,1.607734807,0.270718232,3,,,,,,,,,,,,,236,1,0.161801419,0.003350782,-0.010221554,0.000279727,,,0.024519617,0.003122249,,,,,0.06021886,0.004933675,,,,,,,,,-0.385662481,0.02204019,0.821293004,0.010448063,,
237,18,Liuying,2020,江西农业大学,25,Chi,Asia,116.83,28.22,Temperate,17.6,1741,1.18,Loam,36.00292,40.99708,23,Low,8.878964,1.45,Acid,5.12,Legume,rice,Paddy,Conservation,Organic,Low,15,Incorporated,10,,<5yr,2,6,5464.6,209.59,3,6870.87,87.1,3,4.645669291,0.104311409,3,4.624671916,0.084648421,3,,,,,,,43.75512,3.455342963,3,50.65112,1.028972593,3,,,,,,,,,,,,,1.45,0.132363497,3,1.46,0.117419252,3,,,,,,,,,,,,,,,,,,,0.269461078,0.037724551,3,0.170658683,0.030538922,3,0.70718232,0.038674033,3,0.171270718,0.038674033,3,,,,,,,,,,,,,237,1,0.22899981,0.000543913,-0.004530019,0.000279727,,,0.146352708,0.00221632,,,,,0.006872879,0.004933675,,,,,,,,,-0.456758401,0.017207387,-1.41804306,0.017993092,,
238,18,Liuying,2020,江西农业大学,25,Chi,Asia,116.83,28.22,Temperate,17.6,1741,1.18,Loam,36.00292,40.99708,23,Low,8.878964,1.45,Acid,5.12,Legume,rice,Paddy,Conservation,Organic,Low,30,Incorporated,10,,<5yr,2,6,5464.6,209.59,3,6051.73,181.94,3,4.645669291,0.104311409,3,4.729658793,0.086570065,3,,,,,,,43.75512,3.455342963,3,52.08204,1.274163704,3,,,,,,,,,,,,,1.45,0.132363497,3,1.64,0.131895598,3,,,,,,,,,,,,,,,,,,,0.269461078,0.037724551,3,0.157185629,0.026946108,3,0.70718232,0.038674033,3,0.049723757,0.016574586,3,,,,,,,,,,,,,238,1,0.102053256,0.000791631,0.017917613,0.000279727,,,0.174211533,0.00227826,,,,,0.123132685,0.004933675,,,,,,,,,-0.5389965,0.016329252,-2.654805684,0.038033946,,
239,18,Liuying,2020,江西农业大学,25,Chi,Asia,116.83,28.22,Temperate,17.6,1741,1.18,Loam,36.00292,40.99708,23,Low,8.878964,1.45,Acid,5.12,Legume,rice,Paddy,Conventional,Inorganic,Low,0,Incorporated,10,,<5yr,2,10,6683.33,195.53,3,7083.33,263.12,3,4.829396325,0.108436719,3,4.881889764,0.089356449,3,,,,,,,43.75512,3.455342963,3,47.80652,5.68935963,3,,,,,,,,,,,,,1.56,0.142404866,3,1.74,0.139938012,3,,,,,,,,,,,,,,,,,,,34.1,5.4,3,42.4,8,3,2443.502825,112.9943503,3,3192.090395,84.74576271,3,,,,,,,,,,,,,239,1,0.05812777,0.000745263,0.010810916,0.000279727,,,0.088553397,0.006799725,,,,,0.109199292,0.004933675,,,,,,,,,0.217850978,0.02022568,0.267243405,0.000947742,,
240,18,Liuying,2020,江西农业大学,25,Chi,Asia,116.83,28.22,Temperate,17.6,1741,1.18,Loam,36.00292,40.99708,23,Low,8.878964,1.45,Acid,5.12,Legume,rice,Paddy,Conventional,Inorganic,Low,15,Incorporated,10,,<5yr,2,10,6683.33,195.53,3,6703.33,328.68,3,4.829396325,0.108436719,3,4.939632546,0.090413353,3,,,,,,,43.75512,3.455342963,3,47.80652,2.337137407,3,,,,,,,,,,,,,1.56,0.142404866,3,1.47,0.118223493,3,,,,,,,,,,,,,,,,,,,34.1,5.4,3,31,8.2,3,2443.502825,112.9943503,3,1285.310734,70.62146893,3,,,,,,,,,,,,,240,1,0.002988052,0.001086702,0.02256947,0.000279727,,,0.088553397,0.002875415,,,,,-0.05942342,0.004933675,,,,,,,,,-0.09531018,0.031681989,-0.642432088,0.001719118,,
241,18,Liuying,2020,江西农业大学,25,Chi,Asia,116.83,28.22,Temperate,17.6,1741,1.18,Loam,36.00292,40.99708,23,Low,8.878964,1.45,Acid,5.12,Legume,rice,Paddy,Conventional,Inorganic,Low,30,Incorporated,10,,<5yr,2,10,6683.33,195.53,3,6970,81.85,3,4.829396325,0.108436719,3,4.818897638,0.088203463,3,,,,,,,43.75512,3.455342963,3,48.73748,8.389973704,3,,,,,,,,,,,,,1.56,0.142404866,3,1.69,0.135916805,3,,,,,,,,,,,,,,,,,,,34.1,5.4,3,33,5.8,3,2443.502825,112.9943503,3,1892.655367,564.9717514,3,,,,,,,,,,,,,241,1,0.041998858,0.000331279,-0.002176279,0.000279727,,,0.107839709,0.011956864,,,,,0.080042708,0.004933675,,,,,,,,,-0.032789823,0.01865597,-0.255451795,0.030415033,,
242,18,Liuying,2020,江西农业大学,25,Chi,Asia,116.83,28.22,Temperate,17.6,1741,1.18,Loam,36.00292,40.99708,23,Low,8.878964,1.45,Acid,5.12,Legume,rice,Paddy,Conservation,Organic,Low,0,Incorporated,10,,<5yr,2,10,6683.33,195.53,3,7445.33,588.78,3,4.829396325,0.108436719,3,4.902887139,0.089740778,3,,,,,,,43.75512,3.455342963,3,44.84124,2.508898889,3,,,,,,,,,,,,,1.56,0.142404866,3,1.98,0.159239807,3,,,,,,,,,,,,,,,,,,,34.1,5.4,3,35.2,7.5,3,2443.502825,112.9943503,3,536.7231638,127.1186441,3,,,,,,,,,,,,,242,1,0.107970624,0.002369884,0.015102768,0.000279727,,,0.024519617,0.003122249,,,,,0.238411023,0.004933675,,,,,,,,,0.031748698,0.023491745,-1.515705435,0.019410859,,
243,18,Liuying,2020,江西农业大学,25,Chi,Asia,116.83,28.22,Temperate,17.6,1741,1.18,Loam,36.00292,40.99708,23,Low,8.878964,1.45,Acid,5.12,Legume,rice,Paddy,Conservation,Organic,Low,15,Incorporated,10,,<5yr,2,10,6683.33,195.53,3,7500,50,3,4.829396325,0.108436719,3,4.855643045,0.088876038,3,,,,,,,43.75512,3.455342963,3,50.65112,1.028972593,3,,,,,,,,,,,,,1.56,0.142404866,3,1.78,0.143154978,3,,,,,,,,,,,,,,,,,,,34.1,5.4,3,31.2,3,3,2443.502825,112.9943503,3,3757.062147,169.4915254,3,,,,,,,,,,,,,243,1,0.115286654,0.000300127,0.005420068,0.000279727,,,0.146352708,0.00221632,,,,,0.131927543,0.004933675,,,,,,,,,-0.088879289,0.011440915,0.430204714,0.001391186,,
244,18,Liuying,2020,江西农业大学,25,Chi,Asia,116.83,28.22,Temperate,17.6,1741,1.18,Loam,36.00292,40.99708,23,Low,8.878964,1.45,Acid,5.12,Legume,rice,Paddy,Conservation,Organic,Low,30,Incorporated,10,,<5yr,2,10,6683.33,195.53,3,7161.67,238.45,3,4.829396325,0.108436719,3,4.902887139,0.089740778,3,,,,,,,43.75512,3.455342963,3,52.08204,1.274163704,3,,,,,,,,,,,,,1.56,0.142404866,3,1.43,0.115006527,3,,,,,,,,,,,,,,,,,,,34.1,5.4,3,31.4,4.4,3,2443.502825,112.9943503,3,3686.440678,282.4858757,3,,,,,,,,,,,,,244,1,0.069126828,0.000654838,0.015102768,0.000279727,,,0.174211533,0.00227826,,,,,-0.087011377,0.004933675,,,,,,,,,-0.082489491,0.01490429,0.411228813,0.0026701,,
245,19,Mahuixia,2023,南方农业学报,26,Chi,Asia,116.13,28.36,Temperate,18.01219,1727,1.34,Clay loam,26.56552,41.43448,32,High,16.3,1.49,Neutral,6.9,Legume,rice,Paddy,Conventional,Inorganic,High,318,Incorporated,10,,>5yr,40,11,,,,,,,5.11,0.01,3,5.13,0.01,3,,,,,,,44.70332,0.27584,3,54.2198,1.39644,3,,,,,,,,,,,,,1.9,0.02,3,2.27,0.02,3,,,,,,,,,,,,,,,,,,,,,,,,,,,,,,,,,,,,,,,,,,,245,1,,,0.003906255,2.54E-06,,,0.192998384,0.000233801,,,,,0.177925945,6.28E-05,,,,,,,,,,,,,,
246,19,Mahuixia,2023,南方农业学报,26,Chi,Asia,116.13,28.36,Temperate,18.01219,1727,1.34,Clay loam,26.56552,41.43448,32,High,16.3,1.49,Neutral,6.9,Legume,rice,Paddy,Conventional,Inorganic,High,228,Incorporated,10,,>5yr,40,11,,,,,,,5.11,0.01,3,5.12,0.01,3,,,,,,,44.70332,0.27584,3,59.909,0.87924,3,,,,,,,,,,,,,1.9,0.02,3,2.39,0.07,3,,,,,,,,,,,,,,,,,,,,,,,,,,,,,,,,,,,,,,,,,,,246,1,,,0.001955035,2.55E-06,,,0.292778972,8.45E-05,,,,,0.22943948,0.000322877,,,,,,,,,,,,,,
247,19,Mahuixia,2023,南方农业学报,26,Chi,Asia,116.13,28.36,Temperate,18.01219,1727,1.34,Clay loam,26.56552,41.43448,32,High,16.3,1.49,Neutral,6.9,Legume,rice,Paddy,Conservation,Organic,High,252.7,Incorporated,10,,>5yr,40,11,,,,,,,5.11,0.01,3,5.21,0.02,3,,,,,,,44.70332,0.27584,3,65.01204,0.39652,3,,,,,,,,,,,,,1.9,0.02,3,2.65,0.04,3,,,,,,,,,,,,,,,,,,,,,,,,,,,,,,,,,,,,,,,,,,,247,1,,,0.019380452,6.19E-06,,,0.374524712,2.51E-05,,,,,0.332705754,0.000112881,,,,,,,,,,,,,,
248,20,Xiaoxin,2023,中国烟草科学,27,Chi,Asia,120.57,36.43,Cold,12.7,662.1,0.32,Silt loam,40.60388,55.39612,4,Low,8.771523,1.256687,Acid,5.56,Non-legume,others,Upland,Conventional,Inorganic,Low,45,Incorporated,10,,>5yr,13,6,,,,,,,5.302857143,0.045714286,3,5.074285714,0.045714286,3,,,,,,,19.29721008,0.260773109,3,19.8187563,0.260773109,3,1.692307692,0.230769231,3,4.538461538,0.076923077,3,2.14379085,0.156862745,3,3.08496732,0.183006536,3,0.441558442,0.012987013,3,0.857142857,0.064935065,3,,,,,,,49.62406015,1.503759398,3,43.60902256,3.007518797,3,25.56390977,1.503759398,3,21.05263158,1.503759398,3,87.21804511,3.007518797,3,73.68421053,3.007518797,3,57.14285714,4.511278195,3,31.57894737,6.015037594,3,7.518796992,1.503759398,3,6.015037594,,3,,,,,,,248,1,,,-0.04405999,5.18E-05,,,0.026668247,0.000118582,0.363965377,0.002957687,0.986494991,0.006294105,0.663294216,0.002201421,,,-0.194156014,0.002854083,-0.129211731,0.001891505,,,-0.168622712,0.000951678,-0.593063722,0.014171289,-0.223143551,
249,20,Xiaoxin,2023,中国烟草科学,27,Chi,Asia,120.57,36.43,Cold,12.7,662.1,0.32,Silt loam,40.60388,55.39612,4,Low,8.771523,1.256687,Acid,5.56,Non-legume,others,Upland,Conventional,Organic,Low,45,Incorporated,10,,>5yr,13,6,,,,,,,5.302857143,0.045714286,3,6.308571429,0.091428571,3,,,,,,,19.29721008,0.260773109,3,28.42426891,0.521546218,3,1.692307692,0.230769231,3,6.153846154,0.384615385,3,2.14379085,0.156862745,3,1.803921569,0.052287582,3,0.441558442,0.012987013,3,1.61038961,0.051948052,3,,,,,,,49.62406015,1.503759398,3,231.5789474,18.04511278,3,25.56390977,1.503759398,3,90.22556391,1.503759398,3,87.21804511,3.007518797,3,345.8646617,19.54887218,3,57.14285714,4.511278195,3,79.69924812,3.007518797,3,7.518796992,1.503759398,3,57.14285714,3.007518797,3,,,,,,,249,1,,,0.173663494,9.48E-05,,,0.387282789,0.000173096,-0.172612743,0.002064705,1.290984182,0.00750043,1.29392104,0.000635212,,,1.261131218,0.001245995,1.540445041,0.002330041,,,1.377636299,0.001461256,0.332705754,0.002552227,2.028148247,0.014256694
250,20,Xiaoxin,2023,中国烟草科学,27,Chi,Asia,120.57,36.43,Cold,12.7,662.1,0.32,Silt loam,40.60388,55.39612,4,Low,8.771523,1.256687,Acid,5.56,Non-legume,others,Upland,Conventional,Organic,Low,45,Incorporated,10,,>5yr,13,6,,,,,,,5.302857143,0.045714286,3,5.44,0.137142857,3,,,,,,,19.29721008,0.260773109,3,25.03421849,0.782319328,3,1.692307692,0.230769231,3,9.692307692,0.230769231,3,2.14379085,0.156862745,3,2.14379085,0.130718954,3,0.441558442,0.012987013,3,1.051948052,0.051948052,3,,,,,,,49.62406015,1.503759398,3,120.3007519,24.06015038,3,25.56390977,1.503759398,3,54.13533835,3.007518797,3,87.21804511,3.007518797,3,219.5488722,16.54135338,3,57.14285714,4.511278195,3,52.63157895,3.007518797,3,7.518796992,1.503759398,3,34.58646617,1.503759398,3,,,,,,,250,1,,,0.025533302,0.000236622,,,0.260283099,0.000386393,0,0.003023994,1.745239454,0.006387312,0.868088629,0.001101235,,,0.750305595,0.002182209,0.885519073,0.013639425,,,0.923163611,0.002288516,-0.082238098,0.003165998,1.526056304,0.013963453
251,20,Xiaoxin,2023,中国烟草科学,27,Chi,Asia,120.57,36.43,Cold,12.7,662.1,0.32,Silt loam,40.60388,55.39612,4,Low,8.771523,1.256687,Acid,5.56,Non-legume,others,Upland,Conventional,Inorganic,Low,45,Incorporated,10,,>5yr,13,6,,,,,,,5.302857143,0.045714286,3,5.257142857,0.091428571,3,,,,,,,19.29721008,0.260773109,3,20.07952941,0.260773109,3,1.692307692,0.230769231,3,3.538461538,0.384615385,3,2.14379085,0.156862745,3,2.431372549,0.078431373,3,0.441558442,0.012987013,3,1.285714286,0.025974026,3,,,,,,,49.62406015,1.503759398,3,124.8120301,6.015037594,3,25.56390977,1.503759398,3,42.10526316,1.503759398,3,87.21804511,3.007518797,3,135.3383459,9.022556391,3,57.14285714,4.511278195,3,51.12781955,6.015037594,3,7.518796992,1.503759398,3,16.54135338,3.007518797,3,,,,,,,251,1,,,-0.008658063,0.000125591,,,0.039740329,0.000117093,0.125880246,0.002131513,0.737598943,0.010136595,1.068759325,0.000424391,,,0.498991166,0.001578573,0.922333047,0.001080272,,,0.43936666,0.001877835,-0.111225635,0.006691172,0.78845736,0.024352617
252,21,Liushaowen,2019,中国农业科学,28,Chi,Asia,120.2,30.3,Temperate,16.5,1400,1.16,Loam,29.88965,44.11035,26,Medium,10.43804,0.651315,Acid,6.2,Non-legume,rice,Paddy,Conventional,Inorganic,Low,0,Incorporated,10,,<5yr,1,6,,,,,,,6.18,0.138762462,3,6.27,0.114763947,3,,,,,,,31.2,1.840796014,3,37.8,1.92998027,3,,,,,,,,,,,,,2.52,0.23003863,3,2.77,0.222774882,3,,,,,,,,,,,,,,,,,,,,,,,,,,,,,,,,,,,,,,,,,,,252,1,,,0.014458083,0.000279727,,,0.191891008,0.002029291,,,,,0.094588419,0.004933675,,,,,,,,,,,,,,
253,21,Liushaowen,2019,中国农业科学,28,Chi,Asia,120.2,30.3,Temperate,16.5,1400,1.16,Loam,29.88965,44.11035,26,Medium,10.43804,0.651315,Acid,6.2,Non-legume,rice,Paddy,Conventional,Inorganic,Medium,142.5,Incorporated,10,,<5yr,1,6,,,,,,,5.87,0.131801885,3,6.12,0.112018398,3,,,,,,,39.7,2.342294928,3,38.1,1.945297574,3,,,,,,,,,,,,,3.27,0.298502508,3,2.87,0.230817296,3,,,,,,,,,,,,,,,,,,,,,,,,,,,,,,,,,,,,,,,,,,,253,1,,,0.041707463,0.000279727,,,-0.041136906,0.002029291,,,,,-0.130477955,0.004933675,,,,,,,,,,,,,,
254,21,Liushaowen,2019,中国农业科学,28,Chi,Asia,120.2,30.3,Temperate,16.5,1400,1.16,Loam,29.88965,44.11035,26,Medium,10.43804,0.651315,Acid,6.2,Non-legume,rice,Paddy,Conventional,Inorganic,High,202.5,Incorporated,10,,<5yr,1,6,,,,,,,5.76,0.129332003,3,5.84,0.106893373,3,,,,,,,39.8,2.348194915,3,41.9,2.139316754,3,,,,,,,,,,,,,2.91,0.265639846,3,3.48,0.279876025,3,,,,,,,,,,,,,,,,,,,,,,,,,,,,,,,,,,,,,,,,,,,254,1,,,0.013793322,0.000279727,,,0.051418915,0.002029291,,,,,0.178879213,0.004933675,,,,,,,,,,,,,,
255,21,Liushaowen,2019,中国农业科学,28,Chi,Asia,120.2,30.3,Temperate,16.5,1400,1.16,Loam,29.88965,44.11035,26,Medium,10.43804,0.651315,Acid,6.2,Non-legume,rice,Paddy,Conventional,Inorganic,Low,0,Incorporated,10,,<5yr,1,6,,,,,,,6.18,0.138762462,3,5.89,0.107808556,3,,,,,,,31.2,1.840796014,3,39.7,2.02698986,3,,,,,,,,,,,,,2.52,0.23003863,3,3.1,0.24931485,3,,,,,,,,,,,,,,,,,,,,,,,,,,,,,,,,,,,,,,,,,,,255,1,,,-0.048062274,0.000279727,,,0.240933093,0.002029291,,,,,0.20714321,0.004933675,,,,,,,,,,,,,,
256,21,Liushaowen,2019,中国农业科学,28,Chi,Asia,120.2,30.3,Temperate,16.5,1400,1.16,Loam,29.88965,44.11035,26,Medium,10.43804,0.651315,Acid,6.2,Non-legume,rice,Paddy,Conventional,Inorganic,Medium,142.5,Incorporated,10,,<5yr,1,6,,,,,,,5.87,0.131801885,3,5.8,0.106161226,3,,,,,,,39.7,2.342294928,3,40.8,2.083153307,3,,,,,,,,,,,,,3.27,0.298502508,3,3.29,0.264595437,3,,,,,,,,,,,,,,,,,,,,,,,,,,,,,,,,,,,,,,,,,,,256,1,,,-0.011996716,0.000279727,,,0.027330894,0.002029291,,,,,0.00609758,0.004933675,,,,,,,,,,,,,,
257,21,Liushaowen,2019,中国农业科学,28,Chi,Asia,120.2,30.3,Temperate,16.5,1400,1.16,Loam,29.88965,44.11035,26,Medium,10.43804,0.651315,Acid,6.2,Non-legume,rice,Paddy,Conventional,Inorganic,High,202.5,Incorporated,10,,<5yr,1,6,,,,,,,5.76,0.129332003,3,5.78,0.105795153,3,,,,,,,39.8,2.348194915,3,38.3,1.95550911,3,,,,,,,,,,,,,2.91,0.265639846,3,3.24,0.26057423,3,,,,,,,,,,,,,,,,,,,,,,,,,,,,,,,,,,,,,,,,,,,257,1,,,0.003466208,0.000279727,,,-0.038417016,0.002029291,,,,,0.107420249,0.004933675,,,,,,,,,,,,,,
258,21,Liushaowen,2019,中国农业科学,28,Chi,Asia,120.2,30.3,Temperate,16.5,1400,1.16,Loam,29.88965,44.11035,26,Medium,10.43804,0.651315,Acid,6.2,Legume,rice,Paddy,Conventional,Inorganic,Low,0,Incorporated,10,,<5yr,1,6,,,,,,,6.18,0.138762462,3,5.83,0.106710336,3,,,,,,,31.2,1.840796014,3,45,2.29759556,3,,,,,,,,,,,,,2.52,0.23003863,3,3.4,0.273442093,3,,,,,,,,,,,,,,,,,,,,,,,,,,,,,,,,,,,,,,,,,,,258,1,,,-0.058301271,0.000279727,,,0.366244395,0.002029291,,,,,0.29951653,0.004933675,,,,,,,,,,,,,,
259,21,Liushaowen,2019,中国农业科学,28,Chi,Asia,120.2,30.3,Temperate,16.5,1400,1.16,Loam,29.88965,44.11035,26,Medium,10.43804,0.651315,Acid,6.2,Legume,rice,Paddy,Conventional,Inorganic,Medium,142.5,Incorporated,10,,<5yr,1,6,,,,,,,5.87,0.131801885,3,5.86,0.107259446,3,,,,,,,39.7,2.342294928,3,46.1,2.353759007,3,,,,,,,,,,,,,3.27,0.298502508,3,3.52,0.28309299,3,,,,,,,,,,,,,,,,,,,,,,,,,,,,,,,,,,,,,,,,,,,259,1,,,-0.00170503,0.000279727,,,0.149461762,0.002029291,,,,,0.073671005,0.004933675,,,,,,,,,,,,,,
260,21,Liushaowen,2019,中国农业科学,28,Chi,Asia,120.2,30.3,Temperate,16.5,1400,1.16,Loam,29.88965,44.11035,26,Medium,10.43804,0.651315,Acid,6.2,Legume,rice,Paddy,Conventional,Inorganic,High,202.5,Incorporated,10,,<5yr,1,6,,,,,,,5.76,0.129332003,3,5.84,0.106893373,3,,,,,,,39.8,2.348194915,3,46.4,2.36907631,3,,,,,,,,,,,,,2.91,0.265639846,3,3.58,0.287918439,3,,,,,,,,,,,,,,,,,,,,,,,,,,,,,,,,,,,,,,,,,,,260,1,,,0.013793322,0.000279727,,,0.153432547,0.002029291,,,,,0.207209719,0.004933675,,,,,,,,,,,,,,
261,22,Lihanting,2023,甘肃农业大学,29,Chi,Asia,103.083,37.5,Cold,7.2,156,1.44,Loam,40.20827,40.79173,19,Low,9.713485,0.67,Alkaline,8.3,Non-legume,maize,Upland,Conventional,Inorganic,Low,0,Surface,10,,<5yr,2,8,,,,,,,,,,,,,,,,,,,,,,,,,15.45365854,2.314978749,3,16.15609756,2.288989919,3,5.906735751,1.577876941,3,7.616580311,1.626578392,3,,,,,,,,,,,,,2.07518797,0.406015038,3,1.488721805,0.406015038,3,4.556390977,0.406015038,3,5.413533835,0.360902256,3,0.223,0.021052632,3,0.192,0.033082707,3,16.57894737,1.522556391,3,15.73308271,1.015037594,3,2.537593985,0.676691729,3,3.890977444,0.676691729,3,,,,,,,261,1,,,,,,,,,0.254234138,0.038988745,0.044451762,0.014171186,,,,,0.172371226,0.004128281,-0.332133835,0.037553313,,,-0.149676399,0.012867283,-0.052367985,0.004198772,0.427444015,0.033785619
262,22,Lihanting,2023,甘肃农业大学,29,Chi,Asia,103.083,37.5,Cold,7.2,156,1.44,Loam,40.20827,40.79173,19,Low,9.713485,0.67,Alkaline,8.3,Non-legume,maize,Upland,Conventional,Inorganic,High,270,Surface,10,,<5yr,2,8,,,,,,,,,,,,,,,,,,,,,,,,,34.77073171,5.208702185,3,40.74146341,5.772235448,3,12.12435233,3.238800037,3,12.59067358,2.688833668,3,,,,,,,,,,,,,2.571428571,0.270676692,3,1.804511278,0.541353383,3,7.443609023,0.541353383,3,7.759398496,0.406015038,3,0.232,0.027067669,3,0.316,0.036090226,3,25.88345865,1.015037594,3,28.08270677,1.184210526,3,4.229323308,1.184210526,3,5.413533835,0.507518797,3,,,,,,,262,1,,,,,,,,,0.037740329,0.038988745,0.158470341,0.014171186,,,,,0.041549003,0.002675741,-0.354171814,0.033693444,,,0.309004842,0.008885315,0.081549867,0.001105356,0.246860078,0.029063021
263,22,Lihanting,2023,甘肃农业大学,29,Chi,Asia,103.083,37.5,Cold,7.2,156,1.44,Loam,40.20827,40.79173,19,Low,9.713485,0.67,Alkaline,8.3,Non-legume,maize,Upland,Conventional,Inorganic,High,360,Surface,10,,<5yr,2,8,,,,,,,,,,,,,,,,,,,,,,,,,47.41463415,7.102775707,3,45.65853659,6.468884554,3,13.98963731,3.737076965,3,14.92227979,3.186765828,3,,,,,,,,,,,,,3.69924812,0.270676692,3,2.796992481,0.315789474,3,9.789473684,0.676691729,3,9.293233083,0.270676692,3,0.319,0.036090226,3,0.427,0.027067669,3,35.01879699,2.030075188,3,33.15789474,1.184210526,3,6.428571429,1.015037594,3,7.95112782,1.184210526,3,,,,,,,263,1,,,,,,,,,0.064538521,0.038988745,-0.037740328,0.014171186,,,,,-0.052021185,0.001875507,-0.279584862,0.006033698,,,0.29159291,0.005605992,-0.054604134,0.001545383,0.212561442,0.015704244
264,22,Lihanting,2023,甘肃农业大学,29,Chi,Asia,103.083,37.5,Cold,7.2,156,1.44,Loam,40.20827,40.79173,19,Low,9.713485,0.67,Alkaline,8.3,Legume,maize,Upland,Conventional,Inorganic,Low,0,Surface,10,,<5yr,2,8,,,,,,,,,,,,,,,,,,,,,,,,,15.45365854,2.314978749,3,16.15609756,2.288989919,3,5.906735751,1.577876941,3,8.238341969,1.759360301,3,,,,,,,,,,,,,2.07518797,0.406015038,3,1.308270677,0.135338346,3,4.556390977,0.406015038,3,5.77443609,0.406015038,3,0.223,0.021052632,3,0.298,0.021052632,3,16.57894737,1.522556391,3,14.37969925,1.184210526,3,2.537593985,0.676691729,3,3.214285714,0.676691729,3,,,,,,,264,1,,,,,,,,,0.332705754,0.038988745,0.044451762,0.014171186,,,,,0.236909747,0.004294749,-0.461345566,0.016327106,,,0.289921715,0.004634496,-0.142316222,0.005071998,0.236388778,0.03847748
265,22,Lihanting,2023,甘肃农业大学,29,Chi,Asia,103.083,37.5,Cold,7.2,156,1.44,Loam,40.20827,40.79173,19,Low,9.713485,0.67,Alkaline,8.3,Legume,maize,Upland,Conventional,Inorganic,High,270,Surface,10,,<5yr,2,8,,,,,,,,,,,,,,,,,,,,,,,,,34.77073171,5.208702185,3,40.03902439,5.672714147,3,12.12435233,3.238800037,3,12.27979275,2.622442713,3,,,,,,,,,,,,,2.571428571,0.270676692,3,1.578947368,0.45112782,3,7.443609023,0.541353383,3,7.578947368,0.45112782,3,0.232,0.027067669,3,0.328,0.015037594,3,25.88345865,1.015037594,3,29.26691729,1.691729323,3,4.229323308,1.184210526,3,5.244360902,1.353383459,3,,,,,,,265,1,,,,,,,,,0.012739026,0.038988745,0.141078598,0.014171186,,,,,0.018018505,0.002944113,-0.487703206,0.030904329,,,0.346276237,0.005238002,0.122853673,0.00162637,0.21511138,0.048332431
266,22,Lihanting,2023,甘肃农业大学,29,Chi,Asia,103.083,37.5,Cold,7.2,156,1.44,Loam,40.20827,40.79173,19,Low,9.713485,0.67,Alkaline,8.3,Legume,maize,Upland,Conventional,Inorganic,High,360,Surface,10,,<5yr,2,8,,,,,,,,,,,,,,,,,,,,,,,,,47.41463415,7.102775707,3,44.95609756,6.369363253,3,13.98963731,3.737076965,3,14.30051813,3.053983919,3,,,,,,,,,,,,,3.69924812,0.270676692,3,2.977443609,0.22556391,3,9.789473684,0.676691729,3,8.526315789,0.315789474,3,0.319,0.036090226,3,0.412,0.036090226,3,35.01879699,2.030075188,3,32.48120301,1.015037594,3,6.428571429,1.015037594,3,7.105263158,1.015037594,3,,,,,,,266,1,,,,,,,,,0.021978906,0.038988745,-0.053244515,0.014171186,,,,,-0.138150339,0.002049976,-0.217064505,0.003697722,,,0.255832247,0.006824329,-0.075223421,0.001445734,0.100083459,0.01511297
267,22,Lihanting,2023,甘肃农业大学,29,Chi,Asia,103.083,37.5,Cold,7.2,156,1.44,Loam,40.20827,40.79173,19,Low,9.713485,0.67,Alkaline,8.3,Non-legume,maize,Upland,Conventional,Inorganic,Low,0,Surface,10,,<5yr,3,8,,,,,,,,,,,,,,,,,,,,,,,,,15.45365854,2.314978749,3,15.01840491,2.127802045,3,5.906735751,1.577876941,3,6.85,1.462869362,3,,,,,,,,,,,,,2.07518797,0.406015038,3,0.81509434,0.226415094,3,4.556390977,0.406015038,3,4.39245283,0.588679245,3,0.223,0.021052632,3,0.25,0.021,3,16.57894737,1.522556391,3,18.06766917,1.62406015,3,2.537593985,0.676691729,3,5.481203008,1.62406015,3,,,,,,,267,1,,,,,,,,,0.1481553,0.038988745,-0.028569331,0.014171186,,,,,-0.036643055,0.008633975,-0.934503155,0.038480089,,,0.114289146,0.005322857,0.085990448,0.005504591,0.770108222,0.052967535
268,22,Lihanting,2023,甘肃农业大学,29,Chi,Asia,103.083,37.5,Cold,7.2,156,1.44,Loam,40.20827,40.79173,19,Low,9.713485,0.67,Alkaline,8.3,Non-legume,maize,Upland,Conventional,Inorganic,High,270,Surface,10,,<5yr,3,8,,,,,,,,,,,,,,,,,,,,,,,,,34.77073171,5.208702185,3,18.55214724,2.62846135,3,12.12435233,3.238800037,3,9.07,1.93696717,3,,,,,,,,,,,,,2.571428571,0.270676692,3,1.403773585,0.316981132,3,7.443609023,0.541353383,3,7.290566038,0.543396226,3,0.232,0.027067669,3,0.4,0.036,3,25.88345865,1.015037594,3,29.43609023,1.218045113,3,4.229323308,1.184210526,3,7.308270677,1.218045113,3,,,,,,,268,1,,,,,,,,,-0.290243755,0.038988745,-0.628190454,0.014171186,,,,,-0.020774626,0.003614866,-0.60529758,0.020689629,,,0.544727175,0.007237373,0.128617378,0.001083372,0.54696467,0.035392593
269,22,Lihanting,2023,甘肃农业大学,29,Chi,Asia,103.083,37.5,Cold,7.2,156,1.44,Loam,40.20827,40.79173,19,Low,9.713485,0.67,Alkaline,8.3,Non-legume,maize,Upland,Conventional,Inorganic,High,360,Surface,10,,<5yr,3,8,,,,,,,,,,,,,,,,,,,,,,,,,47.41463415,7.102775707,3,23.41104294,3.316867894,3,13.98963731,3.737076965,3,10.6,2.263710254,3,,,,,,,,,,,,,3.69924812,0.270676692,3,3.033962264,0.362264151,3,9.789473684,0.676691729,3,8.603773585,0.498113208,3,0.319,0.036090226,3,0.535,0.027,3,35.01879699,2.030075188,3,43.2406015,2.030075188,3,6.428571429,1.015037594,3,8.526315789,1.421052632,3,,,,,,,269,1,,,,,,,,,-0.277462862,0.038988745,-0.705723087,0.014171186,,,,,-0.129106799,0.002709996,-0.198260145,0.00653701,,,0.517075644,0.00511553,0.210894929,0.001854929,0.282405015,0.017569509
270,22,Lihanting,2023,甘肃农业大学,29,Chi,Asia,103.083,37.5,Cold,7.2,156,1.44,Loam,40.20827,40.79173,19,Low,9.713485,0.67,Alkaline,8.3,Legume,maize,Upland,Conventional,Inorganic,Low,0,Surface,10,,<5yr,3,8,,,,,,,,,,,,,,,,,,,,,,,,,15.45365854,2.314978749,3,16.78527607,2.378131698,3,5.906735751,1.577876941,3,7.22,1.541885664,3,,,,,,,,,,,,,2.07518797,0.406015038,3,0.679245283,0.40754717,3,4.556390977,0.406015038,3,4.618867925,0.271698113,3,0.223,0.021052632,3,0.382,0.024,3,16.57894737,1.522556391,3,14.61654135,1.62406015,3,2.537593985,0.676691729,3,5.07518797,1.218045113,3,,,,,,,270,1,,,,,,,,,0.2007616,0.038988745,0.082656304,0.014171186,,,,,0.013618779,0.003800202,-1.116824713,0.132759925,,,0.538248837,0.004286611,-0.125979803,0.006926555,0.693147181,0.042903704
271,22,Lihanting,2023,甘肃农业大学,29,Chi,Asia,103.083,37.5,Cold,7.2,156,1.44,Loam,40.20827,40.79173,19,Low,9.713485,0.67,Alkaline,8.3,Legume,maize,Upland,Conventional,Inorganic,High,270,Surface,10,,<5yr,3,8,,,,,,,,,,,,,,,,,,,,,,,,,34.77073171,5.208702185,3,21.64417178,3.066538242,3,12.12435233,3.238800037,3,9.63,2.05655941,3,,,,,,,,,,,,,2.571428571,0.270676692,3,1.358490566,0.452830189,3,7.443609023,0.541353383,3,6.339622642,0.40754717,3,0.232,0.027067669,3,0.403,0.021,3,25.88345865,1.015037594,3,26.79699248,2.030075188,3,4.229323308,1.184210526,3,5.887218045,1.62406015,3,,,,,,,271,1,,,,,,,,,-0.230332794,0.038988745,-0.474039774,0.014171186,,,,,-0.160536568,0.003140636,-0.638087403,0.040730481,,,0.55219919,0.005442495,0.034685558,0.002425693,0.330741562,0.05149996
272,22,Lihanting,2023,甘肃农业大学,29,Chi,Asia,103.083,37.5,Cold,7.2,156,1.44,Loam,40.20827,40.79173,19,Low,9.713485,0.67,Alkaline,8.3,Legume,maize,Upland,Conventional,Inorganic,High,360,Surface,10,,<5yr,3,8,,,,,,,,,,,,,,,,,,,,,,,,,47.41463415,7.102775707,3,26.50306748,3.754944786,3,13.98963731,3.737076965,3,10.7,2.285066011,3,,,,,,,,,,,,,3.69924812,0.270676692,3,2.083018868,0.226415094,3,9.789473684,0.676691729,3,7.833962264,0.271698113,3,0.319,0.036090226,3,0.499,0.045,3,35.01879699,2.030075188,3,36.33834586,1.421052632,3,6.428571429,1.015037594,3,7.714285714,1.421052632,3,,,,,,,272,1,,,,,,,,,-0.268073122,0.038988745,-0.581670438,0.014171186,,,,,-0.222839276,0.001993678,-0.574311368,0.0057229,,,0.447414993,0.00697738,0.036988569,0.001629976,0.182321557,0.019621422
